CREATE DATABASE IF NOT EXISTS `segui-tus-compras`;
USE `segui-tus-compras`;

-- MySQL dump 10.13  Distrib 8.0.41, for Win64 (x86_64)
--
-- Host: localhost    Database: segui-tus-compras
-- ------------------------------------------------------
-- Server version	8.0.41

/*!40101 SET @OLD_CHARACTER_SET_CLIENT=@@CHARACTER_SET_CLIENT */;
/*!40101 SET @OLD_CHARACTER_SET_RESULTS=@@CHARACTER_SET_RESULTS */;
/*!40101 SET @OLD_COLLATION_CONNECTION=@@COLLATION_CONNECTION */;
/*!50503 SET NAMES utf8 */;
/*!40103 SET @OLD_TIME_ZONE=@@TIME_ZONE */;
/*!40103 SET TIME_ZONE='+00:00' */;
/*!40014 SET @OLD_UNIQUE_CHECKS=@@UNIQUE_CHECKS, UNIQUE_CHECKS=0 */;
/*!40014 SET @OLD_FOREIGN_KEY_CHECKS=@@FOREIGN_KEY_CHECKS, FOREIGN_KEY_CHECKS=0 */;
/*!40101 SET @OLD_SQL_MODE=@@SQL_MODE, SQL_MODE='NO_AUTO_VALUE_ON_ZERO' */;
/*!40111 SET @OLD_SQL_NOTES=@@SQL_NOTES, SQL_NOTES=0 */;

--
-- Table structure for table `app_users`
--

DROP TABLE IF EXISTS `app_users`;
/*!40101 SET @saved_cs_client     = @@character_set_client */;
/*!50503 SET character_set_client = utf8mb4 */;
CREATE TABLE `app_users` (
                             `id` bigint NOT NULL AUTO_INCREMENT,
                             `email` varchar(255) DEFAULT NULL,
                             `first_name` varchar(255) DEFAULT NULL,
                             `is_admin` bit(1) NOT NULL,
                             `last_name` varchar(255) DEFAULT NULL,
                             `password` varchar(255) DEFAULT NULL,
                             PRIMARY KEY (`id`),
                             UNIQUE KEY `UK4vj92ux8a2eehds1mdvmks473` (`email`)
) ENGINE=InnoDB AUTO_INCREMENT=20 DEFAULT CHARSET=utf8mb4 COLLATE=utf8mb4_0900_ai_ci;
/*!40101 SET character_set_client = @saved_cs_client */;

--
-- Dumping data for table `app_users`
--

LOCK TABLES `app_users` WRITE;
/*!40000 ALTER TABLE `app_users` DISABLE KEYS */;
INSERT INTO `app_users` VALUES (1,'admin@email.com','Matias',_binary '','Acosta','$2a$10$lxNZaZ0mHO3aD/6k3y8Ge.giLaIdgdLFoFt1N.ElEEtrc6SIbMJOW'),(2,'juliantrejo@email.com','Julian',_binary '\0','Trejo','$2a$10$R.65lbFnZvMrGFVixopmEO6BXq/s3BE1XiPECVzYRk24NKZpM0TQm'),(3,'douglasespagnol@email.com','Douglas',_binary '\0','Espagnol','$2a$10$a/loFSJTl269ar4NqCBPSOf1hfbW/2Ljit3pAnWbVO87IECX04pDO'),(4,'juancruzcenturion@email.com','Juan Cruz',_binary '\0','Centurion','$2a$10$1O390qGXiubZ4MN8Lv8g.O0cF2AmnJX/QIUIxKWHW6O5UQejwLJe.'),(5,'lucasdellagiustina@email.com','Lucas',_binary '\0','Dellagiustina','$2a$10$zUJ1qj3HvO6cYMKfVyfjGenbAMPLWo5n..SLvvRwx/Mzikz5W0Pzm'),(6,'juanignaciogarcia@email.com','Juan Ignacio',_binary '\0','Garcia','$2a$10$IN5ov4feQCc7AL1kxdBm3Oc6yxOyAok0nujZL6crgcwkSP7fA0ctK'),(7,'urielpiñeyro@email.com','Uriel',_binary '\0','Piñeyro','$2a$10$U5.LDROg7IimW5HXUBYnQeoTEm4xYK5bKruM08Tb8k/ceTyK.qc5O'),(8,'matiaslaime@email.com','Matias',_binary '\0','Laime','$2a$10$uV6A8pK5VwZDAtkzRKmvyuMQeNSgFBGKi1HhG5hl4jx04UviZ6.jW'),(9,'juancabezas@email.com','Juan',_binary '\0','Cabezas','$2a$10$oQD78gRBzPlf.bDSzKrUM.pasSUOYq58mtCEDWPOvDCoYrDjVciE6'),(10,'agueromauro@email.com','Aguero',_binary '\0','Mauro','$2a$10$ewAPLGBzz3A.8/Y4svC01ueCejiMvJKaavJxpoqICsAJRO/4p92Q2'),(11,'aguerofernando@email.com','Aguero',_binary '\0','Fernando','$2a$10$TCI.KhgeH5nRUPPtvg3rX.YuMUpo638rwkul67b9pKTjMgN5PdqQe'),(12,'mailinsoñez@email.com','Mailin',_binary '\0','Soñez','$2a$10$TDbU86oF/thANdPndnbWL.jbcP2utohOBKpI81g5MKBS3TIESkNFG'),(13,'carlossaldaña@email.com','Carlos',_binary '\0','Saldaña','$2a$10$meSli97N2hurK/lcNKn/Me0MxwF0vSyIvxNqrv7ux7Yhk/H51hbhq'),(14,'adriancardozo@email.com','Adrian',_binary '\0','Cardozo','$2a$10$rRVxrWV7FJkn8TNnb8/neespl5DYKLE5VPa2ahO.8KxYOQVX4bBTC'),(15,'sofiarossi@email.com','Sofia',_binary '\0','Rossi','$2a$10$jE8IBfwnZKPqoknFZqxwbOZjBmn6qIhz2JhBXXj7AcRK925pCof02'),(16,'mateodiaz@email.com','Mateo',_binary '\0','Diaz','$2a$10$kJQdvT.yQNH7RELx8D7fQ..X.QvSzuwlenScTbfq2Ta9DwMQItAJa'),(17,'valentinagomez@email.com','Valentina',_binary '\0','Gomez','$2a$10$VpUWzN2pE9X2MSQHnJlyO.k8/chBkYtUxXW0tnrtuPAEQ17tvKJsq'),(18,'benjamincastro@email.com','Benjamin',_binary '\0','Castro','$2a$10$GtsTk79sl9VAj5AVBI99dedd6pLMcbntSyqRgsN1jBYHJrsovcRxm'),(19,'isabellahernandez@email.com','Isabella',_binary '\0','Hernandez','$2a$10$p85gACN0.M.VMvoo4rxJoeu2hdqco3bL9xnaND6KL7iFnQrtMHo9S');
/*!40000 ALTER TABLE `app_users` ENABLE KEYS */;
UNLOCK TABLES;

--
-- Table structure for table `commentary`
--

DROP TABLE IF EXISTS `commentary`;
/*!40101 SET @saved_cs_client     = @@character_set_client */;
/*!50503 SET character_set_client = utf8mb4 */;
CREATE TABLE `commentary` (
                              `id` bigint NOT NULL AUTO_INCREMENT,
                              `comment` text,
                              `created_at` datetime(6) DEFAULT NULL,
                              `product_id` varchar(255) DEFAULT NULL,
                              `user_id` bigint NOT NULL,
                              PRIMARY KEY (`id`),
                              KEY `FK2bcl8ei8ka59mi9o68rm0awb` (`product_id`),
                              KEY `FK5gsjfwguxvpw7wiqjgwp6i9tk` (`user_id`),
                              CONSTRAINT `FK2bcl8ei8ka59mi9o68rm0awb` FOREIGN KEY (`product_id`) REFERENCES `product` (`id`),
                              CONSTRAINT `FK5gsjfwguxvpw7wiqjgwp6i9tk` FOREIGN KEY (`user_id`) REFERENCES `app_users` (`id`)
) ENGINE=InnoDB AUTO_INCREMENT=12 DEFAULT CHARSET=utf8mb4 COLLATE=utf8mb4_0900_ai_ci;
/*!40101 SET character_set_client = @saved_cs_client */;

--
-- Dumping data for table `commentary`
--

LOCK TABLES `commentary` WRITE;
/*!40000 ALTER TABLE `commentary` DISABLE KEYS */;
INSERT INTO `commentary` VALUES (1,'Hola, ¿tienen stock de este producto?','2025-07-07 14:17:20.866814','MLA46536597',2),(2,'¿Cuáles son las medidas del producto?','2025-07-07 14:17:22.472547','MLA45806125',3),(3,'¿Realizan envíos a mi ciudad?','2025-07-07 14:17:24.232910','MLA17486628',5),(4,'¿Qué colores hay en existencia?','2025-07-07 14:17:25.083440','MLA22448125',6),(5,'¿El producto viene con garantía?','2025-07-07 14:17:26.786447','MLA45806125',8),(6,'¿Podrían decirme si tienen stock?','2025-07-07 14:17:29.704359','MLA15173180',11),(7,'¿Qué tipo de garantía ofrecen?','2025-07-07 14:17:32.290204','MLA7852993',14),(8,'¿Realizan envíos a mi ciudad?','2025-07-07 14:17:34.208185','MLA39191572',16),(9,'¿Hola, tienen stock de este producto?','2025-07-07 14:17:35.505025','MLA22238294',19),(10,'¿Qué colores tienen disponibles?','2025-07-07 14:17:36.032658','MLA19795012',19),(11,'¿Cuáles son las dimensiones del producto?','2025-07-07 14:17:36.420937','MLA45805436',19);
/*!40000 ALTER TABLE `commentary` ENABLE KEYS */;
UNLOCK TABLES;

--
-- Table structure for table `product`
--

DROP TABLE IF EXISTS `product`;
/*!40101 SET @saved_cs_client     = @@character_set_client */;
/*!50503 SET character_set_client = utf8mb4 */;
CREATE TABLE `product` (
                           `id` varchar(255) NOT NULL,
                           `description` text,
                           `is_free_shipping` bit(1) DEFAULT NULL,
                           `name` varchar(255) NOT NULL,
                           `price` double DEFAULT NULL,
                           `price_discount_percentage` int DEFAULT NULL,
                           PRIMARY KEY (`id`)
) ENGINE=InnoDB DEFAULT CHARSET=utf8mb4 COLLATE=utf8mb4_0900_ai_ci;
/*!40101 SET character_set_client = @saved_cs_client */;

--
-- Dumping data for table `product`
--

LOCK TABLES `product` WRITE;
/*!40000 ALTER TABLE `product` DISABLE KEYS */;
INSERT INTO `product` VALUES ('MLA10841927','Liliana es una empresa que fabrica productos que buscan responder a las necesidades actuales. Año a año, crean artículos innovadores que dan un valor agregado al estilo de vida de sus clientes. Con el calefactor CI080, mantener la temperatura de tu hogar durante las épocas de frío será más práctico y sencillo que antes.\n\nSeguridad en todo momento\nA su vez cuenta con protección de sobrecalentamiento, por lo que previene daños internos ocasionados por las altas temperaturas.',_binary '\0','Liliana CI080 calefactor eléctrico color blanco',651326.86,11),('MLA15173180','Mouse Gamer G502 Lightspeed - Logitech G.\n\nEl mouse G502 se une a las filas de los dispositivos inalámbricos para juegos con el lanzamiento de G502 LIGHTSPEED. \nLIGHTSPEED es una tecnología ultrarrápida y confiable con desempeño comprobado en competencias por profesionales de eSports. \nG502 LIGHTSPEED cuenta con el sensor de próxima generación HERO 16K y es compatible con POWERPLAY. \nMantiene su forma ergonómica y logra una reducción de peso de 7 gramos.\n\nESPECIFICACIONES FÍSICAS\n• Altura: 132 mm\n• Anchura: 75 mm\n• Profundidad: 40 mm\n• Peso: 114 g, solo mouse\n• Pesas adicionales opcionales: hasta 16 g\n\nSEGUIMIENTO\n• Sensor: HERO™\n• Resolución: 100 – 25.600 dpi\n• Sin suavizado/aceleración/filtros\n• Aceleración máxima: >40 G\n• Velocidad máxima: >400 IPS\n\nRESPUESTA\n• Formato de datos USB: 16 bits/eje\n• Velocidad de respuesta USB: 1.000 Hz (1 ms)\n• Velocidad de respuesta inalámbrica: 1.000 Hz (1 ms)\n• Tecnología inalámbrica: LIGHTSPEED\n• Microprocesador: ARM de 32 bits\n\nDURABILIDAD\n• Pies de PTFE: Recorrido de 250 km\n• Duración de la batería:\n  - Con iluminación predeterminada: hasta 48 horas\n  - Sin iluminación: hasta 60 horas\n• Una carga de 5 minutos proporciona 2,5 horas de uso\n\nOTRAS FUNCIONES\n• Compatible con POWERPLAY\n• Memoria integrada\n• RGB LIGHTSYNC: 2 zonas\n• Sistema mecánico de tensión de botones\n\nREQUISITOS\n• Windows® 7 o superiores\n• Mac OS® X 10.11 o superiores\n• Chrome OS™\n• Puerto USB\n• Acceso a Internet para Logitech G HUB\n\nEN LA CAJA\n• Mouse para juegos\n• Receptor inalámbrico LIGHTSPEED™\n• Adaptador de extensión de receptor\n• Cable de carga/datos\n• Caja de accesorios\n• 4 pesas de 2 g\n• 2 pesas de 4 g\n• Documentación del usuario',_binary '\0','Mouse Gamer Logitech G Series Lightspeed G502 color Negro',1093914.82,11),('MLA16113646','Sillón Gerencial De Oficina Darwin - Desillas\n\nUn sillón diferente e ideal para usar tanto en espacios laborales como en el confort de tu hogar. Fabricado íntegramente en acero, cuenta con una base cromada brillante que lo distingue de otros modelos. Diseño dinámico y único. Incorpora un sistema regulable en altura para adaptarse a cualquier posición de trabajo.\n\nEste modelo se entrega desmontado y está preparado para que puedas ensamblarlo fácilmente en tu domicilio. Incluye un completo kit de montaje con todos los componentes necesarios.\n\nAltura máxima: 118 cm\nAltura mínima: 108 cm\nAltura de asiento: 54 cm (máx.) - 44 cm (mín.)\nAltura de apoyabrazos: 76 cm (máx.) - 66 cm (mín.)\n\nCódigo: A-1232\n\nLas medidas de los productos son aproximadas y proporcionan una idea general del tamaño para el usuario.',_binary '','Sillón Gerencial De Oficina Darwin - Desillas Color Negro',950657.57,12),('MLA17486628','Este componente electrónico procesa la información que llega al dispositivo y los transforma en imágenes o videos para mostrarla visualmente. Es ideal para trabajar con aplicaciones gráficas ya que permite obtener imágenes más nítidas.\n\nNvidia es el fabricante líder de placas de video; su calidad asegura una experiencia positiva en el desarrollo del motor gráfico de tu computadora. Además, sus procesadores usan tecnología de punta para que puedas disfrutar de un producto veloz y duradero. \n\nEn el menor tiempo posible\nCon una velocidad de memoria de 15000 MHz los datos del procesador central se van a traducir en información comprensible en tan solo un abrir y cerrar de ojos; decodificará tantos ciclos por segundo que hará más efectiva la transmisión de datos a otros componentes. Con esta cualidad, el equipo ganará agilidad y eficiencia. \n\nVelocidad en cada lectura\nCuenta con 3584 núcleos, por lo que la interfaz de la placa será algo sorprendente. Este tipo de estructura es apropiado para el procesamiento de tecnologías más complejas y modernas caracterizadas por grandes volúmenes de datos. \n\nCalidad de imagen\nCriterio fundamental a la hora de elegir una placa de video, su resolución de 7680x4320 no te defraudará. La decodificación de los píxeles en tu pantalla te harán ver hasta los detalles más ínfimos en cada ilustración. \n\nCaracterísticas Técnicas\n\nMotor de gráficos: NVIDIA® GeForce RTX™ 3060\nNorma Bus: PCI Express® Gen 4\nInterfaz de Memoria: 192-bit \nVelocidad clock núcleo (MHz): Boost: 1807 MHz \nVelocidad clock memoria (MHz): 15 Gbps \nMáximo de pantallas: 4 \nTecnología G-SYNC™: Sí \nAdaptive Vertical Sync: Sí \nTecnología Multi-GPU: Sí \nSalida \n  DisplayPort x 3 (v1.4)\n  HDMI™ x 1 (Soporta 4K@120Hz especificado en HDMI™ 2.1) \nSoporte HDCP: Sí \nConsumo (W): 170W \nResolución máxima digital: 7680 x 4320 \nVirtual Reality Ready: Sí \nAlimentación recomendada (W): 550W \nConectores de alimentación: 8-pin x 1 \nSoporte DirectX Versión: 12 API \nSoporte OpenGL Versión: 4.6 \nDimensiones (mm): 235 x 124 x 42 mm',_binary '\0','Placa de video Nvidia MSI Ventus GeForce RTX 30 Series RTX 3060 VENTUS 2X 12G OC OC Edition 12GB Gddr6',283204.14,0),('MLA18212679','Ensure Suplemento Dietario En Polvo Sabor Vainilla X 1200 Gr\n\nEnsure® está diseñado para suplementar la alimentación y proveer nutrición completa. Es un suplemento nutricional completo y balanceado con una combinación de macro y micronutrientes (28 vitaminas y minerales, proteínas, fibras, carbohidratos y ácidos grasos) que ayudan a mantenerse saludable. Aporta buena fuente de fibra (FOS) que actúa a nivel intestinal, está formulado con antioxidantes y vitaminas (C,E y Selenio), contiene Omega 3 y 6 y no contiene grasas trans.\nLibre de gluten. Sin Lactosa. Sin T.A.C.C.\n\nBeneficios\nDestinado a Adultos que buscan incorporar todos los nutrientes necesarios para una alimentación adecuada.\n\nModo de Uso\nPara complementar la alimentación. Para preparar una porción de 230ml, colocar 195 ml de agua fría en un vaso y gradualmente añadir 6 cucharadas completas, equivalente a 53,8 gr de Ensure. Mezclar bien para disolver el polvo. Si se mezcla como se indica, Ensure proporciona 1,0 Kcal/ml aproximadamente. No conservar la lata en la heladera. Luego de abierta, consumir el contenido dentro de las 3 semanas.\n\n¿Cuántos Ensure® se pueden consumir al día?\nLa cantidad de Ensure® a consumir depende de los requerimientos individuales indicados por un profesional de la salud.\n\n¿Debo conservar mi Ensure Advance Shake en la heladera?\nAntes de abrirlo no es necesario refrigerarlo. Una vez abierto, se recomienda conservarlo hasta por 24 horas en la heladera y no en el congelador.\n\n¿Ensure® contiene conservantes?\nEnsure® no contiene conservadores gracias al control en la calidad de los ingredientes, su tratamiento térmico y los requisitos del envasado.\n\nSi soy intolerante a la lactosa, ¿puedo tomar Ensure®?\nEnsure® es un producto adecuado para personas intolerantes a la lactosa. Las versiones en polvo se reconstituyen con agua, por lo que son seguras también.\n\n¿Las personas con necesidades especiales de control de azúcar pueden consumir Ensure®?\nEnsure® no fue creado específicamente para personas con necesidades especiales de control de azúcar en sangre, sin embargo, existen alternativas especializadas para estas personas.\n\n¿Cuánto tiempo puede una persona utilizar Ensure®?\nEnsure® puede ser utilizado a largo plazo, especialmente por personas que puedan tener riesgo de problemas nutricionales. Se recomienda consultar con un nutricionista o médico.',_binary '\0','Ensure Polvo 1200g Vainilla Multivitamínico Multimineral',510844.7,22),('MLA18968036','CORTADORA DE PELO Y BARBA, PATILLERA Y AFEITADORA. CONTIENE 4 ADAPTADORES DE CORTE DIFERENTES (TRIMMERS). MAQUINA DE CORTAR PELO MARCA VGR - MODELO V-055\n\nEsta cortadora elegante tiene todo para que puedas renovar tu look y el de otros sin ningún problema. Con los dos niveles de potencia hace que puedas realizar cualquier corte de pelo y barba sobre cualquier tipo de pelo. De diseño ergonómico lo cual hace que sea compacta y poderosa para poder recortar barba y patillas con gran precisión y velocidad.\n\nEsta maquina viene con los adaptadores para varias longitudes de cortes. La palanca cónica ajustable permite la personalización de longitudes de corte, 4 peines de límite de longitud estándar es de 3mm, 6mm, 9mm, y 12mm, puedes ajustar fácilmente el peine a la altura correcta y cortar el peinado que desees.\n\nPor otro lado sus cuchillas son de acero inoxidable y autoafiladas para brindar una utilización del producto potente y duradero. Este producto es muy práctico ya que es de fácil uso y su modelo compacto permite que sea muy fácil de transportar.\n\nESPECIFICACIONES:\n-Modelo: VGR V-055\n-Tiempo de carga: 1.5 horas\n-Tiempo de uso: 120 minutos\n-Fuente de alimentación: 5V 1A\n-Potencia : 10 W\n-Velocidad: 7500+/-500RPM\n-Batería de litio 1000 mAh\n-Material de la cuchilla: Acero inoxidable, no necesita afilado\n-Material del cuerpo: Metal + ABS\n-Tamaño de corte: 3mm, 6mm, 9mm, y 12mm, Corta a 0 (sin peine)\n-Método de carga: Conector USB\n-Método de limpieza: lavado con agua del cabezal de corte\n-Uso con cable o inalámbrico\n-Dos niveles de potencia.\n-Color: Negro\n\nPESO Y DIMENSIONES:\n-Peso: 320g\n-Tamaño del cuerpo: 16 x 4 x 4 cm\n\nINCLUYE:\n1 x Maquina VGR V-055\n4 x Peines Limite (3mm / 6mm / 9mm / y 12 mm)\n1 x Cable USB.\n1 x Aceite lubricante.\n1 x Cepillo de limpieza\n1 x Manual de instrucciones\n\nCon esta trimmer de VGR disfrutar de un producto de calidad, cuyos resultados estéticos son excelentes, es posible. Gracias a su funcionalidad podrás relucir el look que más te guste.',_binary '','Maquina De Cortar Pelo Patillera Barba Recargable Vgr V-055 Color Negro',831196.73,30),('MLA19686540','DESCRIPCIÓN\nLa electrobomba PRE1 está diseñada para presurización doméstica de un baño (planta alta o planta baja) o dos baños (uno planta baja y otro en planta alta). \nEl equipo se activa al abrir un consumo de agua y se detiene cuando este cesa. No mantiene presurizada la cañería.\n\nINCLUYE\n• Conectores de bronce con tuercas y sellos.\n• Cable con enchufe\n\nCARACTERÍSTICAS\n• Automática y silenciosa.\n• Compacta, de fácil instalación.\n• No mantiene presurizada la cañería.\n• Instalación bajo tanque elevado, calefón o termotanque.\n\nAPLICACIONES\n• Ideal para el hogar: \n• Un baño (planta alta o planta baja) \n• Dos baños (uno planta baja y otro en planta alta).\n• Adecuada para mejorar el encendido de calefones.\n• Se recomienda instalar a una distancia mínima de 50 cm por debajo del tanque elevado, o en la entrada de agua del calefón o termotanque.',_binary '','Bomba Agua Presurizadora PRE1 Vasser Motorarg',64682.79,13),('MLA19795012','Sumate al mundo de la inteligencia artificial con el Amazon Echo Dot 5th Gen que ofrece soluciones para automatizar algunas tareas en tu hogar.\n\n¡SISTEMA DE AUDIO MULTI-ROOM!\nEste novedoso sistema permite compartir música o realizar anuncios en distintas habitaciones y en el mismo momento. Tan solo requiere que conectes los dispositivos smart compatibles entre sí.\n\n¡CONTROLA TU MÚSICA Y CONTENIDO FAVORITOS!\nEscucha en toda tu casa música, audiolibros y pódcast de Amazon Music, Apple Music, Spotify, Deezer y otros servicios de música en streaming o usa el Bluetooth integrado.\n\n¡ALEXA SIEMPRE ESTÁ AHÍ PARA AYUDARTE!\nPídele que te diga qué tiempo hace o que ponga temporizadores, hazle preguntas o deja que te cuente un chiste. ¿Quieres dormir un poquito más? Pospón la alarma del Echo Dot con un solo toque.\n\n¡MANTÉN TU CASA CONFORTABLE!\nControla dispositivos de Hogar digital con la voz y define rutinas activadas con los sensores de temperatura integrados en tu Echo Dot. Crea rutinas para encender automáticamente un ventilador inteligente cuando la temperatura de tu casa aumente por encima del umbral que establezcas.\n\n¡SÁCALE MÁS PROVECHO VINCULANDO DISPOSITIVOS!\nInunda tu casa de música con dispositivos Echo compatibles en distintas habitaciones o crea un sistema de cine en casa con el Fire TV.\n\n¡DISEÑADO PARA PROTEGER TU PRIVACIDAD!\nCon múltiples capas de protección y control de la privacidad, incluido un botón para desactivar los micrófonos que los desconecta electrónicamente.\n\n¡CON CERTIFICADO CLIMATE PLEDGE FRIENDLY!\nHemos integrado la sostenibilidad en el diseño de este dispositivo. El 99 % del embalaje de este dispositivo procede de bosques gestionados responsablemente o materiales reciclados, el 95 % de la tela proviene de tela reciclada posconsumo y el 55 % de los plásticos provienen de plásticos reciclados posconsumo.',_binary '','Amazon Echo Dot 5th Gen con asistente virtual Alexa Glacier White sin reloj',743615.11,24),('MLA20730489','El Cubanito Chocolate Oblita X48u es un delicioso snack compuesto por un crujiente barquillo relleno de una suave y cremosa pasta de chocolate, envuelto en una cobertura de chocolate que lo hace irresistible para los amantes de los sabores dulces. Este paquete contiene 48 unidades, ideal para quienes buscan disfrutar de un antojo a cualquier hora del día o para compartir en reuniones y eventos. Su combinación de texturas y el sabor inconfundible del chocolate lo convierten en una opción perfecta para aquellos que buscan un dulce capricho de alta calidad.',_binary '','Cubanito Oblita Chocolate Caja X 48un',136999.65,15),('MLA20730516','',_binary '','Alfajor Capitan Del Espacio Simple Chocolate Caja X 36 Unidades',413838.64,26),('MLA21032142','Regálate una pausa\nEmpieza tu día con energía y de la mejor manera, disfrutando de la textura y calidad de un buen café en la comodidad de tu casa.\n\nCafé tradicional\nCon un sabor concentrado y un aroma que se apodera de tu casa, tu café moka es el complemento ideal para cualquier momento del día.',_binary '\0','Cafetera Espresso Cafetera Italiana Cafetera Italiana 9 Taza',266213.64,6),('MLA21088240','El alfajor Guaymallén de chocolate negro es un clásico de la tradición argentina, reconocido por su sabor inconfundible y calidad accesible. Cada unidad de 38 gramos combina dos capas de suave masa rellena con un generoso dulce de leche, cubiertas por una capa de chocolate negro que aporta un toque delicioso y característico. Esta presentación en caja de 40 unidades es ideal para kioscos, tiendas de conveniencia o eventos, ofreciendo una solución práctica para quienes buscan satisfacer a sus clientes o invitados con un producto tradicional.',_binary '','Alfajor Guaymallen Chocolate Negro 38g Caja x 40Un',397599.71,9),('MLA22238294','Celebrá todas las maneras de ser hombre. Una elaborada y sofisticada combinación esculpida con el corazón de las maderas más nobles como el cedro y el patchouli, enriquecida con la elegancia de las notas ambaradas del cacao, ingrediente natural de la biodiversidad brasileña, que envuelve y marca presencia. Para hombres que buscan elegancia y sofisticación. \n\nVegano \n\nFragancia  \nAmaderado intenso. \n\nGota olfativa  \nSalida: bergamota, jengibre, pomelo y limón.  \nCuerpo: pimienta negra, violeta, cardamomo y canela.  \nFondo: patchouli, ámbar, madera de guayaco, cashmeran y cedro. \n\nModo de uso  \nTodos tenemos una manera especial de perfumarnos. Pero para aprovechar todo el potencial de la fragancia, nuestra recomendación es aplicarla en áreas como puños, cuello y detrás de las orejas.',_binary '\0','Perfume Homem Essence Masculino Edp 100 Ml Natura',532402.8,5),('MLA22448125','Este teclado Machenike de alto rendimiento permite que puedas disfrutar de horas ilimitadas de juegos. Está diseñado especialmente para que puedas expresar tanto tus habilidades como tu estilo. Podrás mejorar tu experiencia de gaming, ya seas un aficionado o todo un experto y hacer que tus jugadas alcancen otro nivel.\n\nDistinción a todo color\nSu retroiluminación le da un toque diferente a tu equipo y resalta su composición cuando es utilizado en espacios poco iluminados.\n\nTecnología antighosting\nEste dispositivo tiene teclas antighosting. Esta cualidad es indispensable si requerís de un uso intensivo del periférico. Gracias a esto podrás evitar fallas al tocar varias teclas al mismo tiempo. ',_binary '','Teclado gamer Machenike K500-B94 QWERTY Mecanico Switch Red inglés US color blanco con luz RGB',938736.9,16),('MLA22826188','',_binary '\0','Notebook Exo Smart T38 Intel N4020 4gb Ssd128gb Windows 11 Color Gris',356443.85,33),('MLA22938950','Colchón YOLO by Simmons en Caja\n \n INFORMACIÓN SOBRE LA LÍNEA\nLOS COLCHONES DE ESPUMAS DE ALTA DENSIDAD SON DISEÑADOS PARA OTORGAR UNA FIRMEZA CONFORTABLE Y OBTENER UN DESCANSO REPARADOR.\nCombina un bloque uniforme de Espuma de Alta Densidad de 19 cm de altura que aporta soporte y firmeza, con una manta superior de Espuma Energy Foam de 3cm que es extremadamente suave y mullida y te hará sentir una sensación de confort única.\n¡El Colchón es simple en todo sentido! Viene Comprimido y enrollado dentro de una medida de caja manejable y muy práctica. Vas a poder llevar tu colchón y ponerlo en el auto, o subirlo a tu dormitorio de una manera muy fácil. Además permite que sea enviado a través de nuestro Delivery Flash para que lo recibas en menos de 72 horas en algunas zonas.\nLas telas de tejidos de punto de este modelo son suaves y flexibles, de esa forma te permiten disfrutar al 100% las cualidades firmes y soft de su interior.\n\n » Modelo: YOLO Edition\n » Estructura: 2 capas de Espumas de alta Densidad\n » Altura: 22 cm\n » Medidas: 190x80cm\n » Tamaño: 1 Plaza\n » Peso máximo soportado: 100 Kilos\n » Superficie: Tejido de punto',_binary '\0','Colchon Simmons en caja 190x080 Color Blanco',646804.17,18),('MLA23805985','Perfume Bold X 100ml de Bensimon es una fragancia cautivadora que encapsula la esencia de la audacia y el estilo. Con una composición olfativa diseñada para dejar una impresión duradera, este aroma se presenta en un envase elegante de 100ml, ideal para el uso diario o para ocasiones especiales.\n\nLa esencia se abre con notas de salida vibrantes que capturan los sentidos, seguidas de un corazón floral y especiado que aporta profundidad y carácter al aroma. Finalmente, las notas de fondo proporcionan una base cálida y seductora que completa esta experiencia olfativa única.\n\nEl perfume viene en un empaque sofisticado, asegurando que la calidad y la integridad del producto se mantengan intactas hasta su uso. Este aroma es adecuado para aquellos que buscan destacar y dejar una huella memorable con su presencia.\n\nPara mantener la calidad del perfume, se recomienda almacenarlo en un lugar fresco y seco, lejos de la luz directa del sol y fuentes de calor.',_binary '\0','Bensimon Perfume Hombre Bold X 100 Ml',1119338.2,14),('MLA26144261','Regálate una pausa\nEmpieza tu día con energía y de la mejor manera, disfrutando de la textura y calidad de un buen café en la comodidad de tu casa.',_binary '','Cafetera De 12 Tazas, Cafetera Programable, Cafetera De G',573106.74,10),('MLA26994480','Optimiza tus tareas de limpieza con esta hidrolavadora TRENT, combinando potencia y seguridad en un diseño eficiente.\n\nCARACTERÍSTICAS:\n\n• Potencia: 1400W.\n• Presión máxima: 1600 psi - 110 bar.\n• Caudal máximo: 6.5 L/min.\n• Rendimiento de limpieza de 20 a 40 m2/h.\n• Tecnología AutoStop para mayor seguridad y eficiencia.\n• Motor: Tres Pistones de acero inoxidable.\n• Temperatura máxima agua entrante: 50° C.\n• Nivel de ruido: 92 dB(A).\n• Alimentación: 220V ~ 50 Hz\n• Clase de protección: IPX5\n• Protección eléctrica Clase II (doble aislamiento) y certificación por el organismo LENOR.\n\nINCLUYE:\n\n• Pistola de alta presión con Lanza ajustable.\n• Botella de detergente.\n• Manguera de alta presión de 5 metros.\n• Cable de conexión de 5 metros.\n• Soportes.\n• Filtro de entrada.\n• Pin limpiador de boquilla.\n• Conector rápido de Manguera estándar 1/2¨pulgada\" hacia la Hidrolavadora (No incluye conector de manguera a grifo)\n\nNota: El producto no incluye manguera de entrada de agua, depósito interno de agua ni detergente. La lanza no es telescópica y el producto no es sumergible en agua, se debe utilizar solo con agua corriente de grifo.\n\n¡Transforma tu limpieza hoy!',_binary '','Hidrolavadora Electrica Trent HLT203 1400W Alta presion 1600 Psi 110 Bar con Accesorios',1380491.64,28),('MLA27930307','',_binary '\0','Kit de 4 neumáticos Fate Maxisport 2 P 175/70R13 82 T',447912.58,1),('MLA28029690','WALZION Cafetera Prensa Cafetera Con Mano Juego de Cafetera de Cerámica Taza de Filtro de Café de Goteo Olla de Mano - 850Ml (azul)\n\nEste producto cuenta con un cuerpo de cerámica duradero que retiene el calor para garantizar una temperatura constante durante todo el proceso de preparación. Es más duradero que otros goteros de vidrio de paredes delgadas y juegos de jarras disponibles, la durabilidad de esta cerámica reforzada se utilizará en su hogar durante varios años.\n\nCon este producto, puedes controlar completamente el proceso de fabricación del café. Cambia la temperatura del agua, el caudal de agua y la concentración de polvo de café para hacer tu café a medida. Las posibilidades son infinitas. Puedes preparar café en tu propia casa, oficina o al aire libre todos los días, con un sabor distinto, y convertirte en un barista\n\nEs fácil de usar: inserta el papel de filtro de café 102, vierte café en polvo, vierte lentamente agua caliente en el sentido de las agujas del reloj y luego vierte el café caliente directamente en la olla de porana, puro y disfruta del café tradicional de filtro, muy adecuado para los amantes del café y baristas caseros.\n\nEs fácil de limpiar: las sustancias amargas y los residuos de aceite de café se pueden quitar fácilmente del filtro de porana y la olla de porana. Apto para microondas y lavavajillas. Te permite usarlo cómodamente.\n\nNuestra cafetera reutilizable tiene un mejor sabor, asegurando que el aceite de café y los nutrientes más básicos pasen a través del café mientras evita que los posos de café entren en la taza. Más suave y amargo.\n\nCaracterísticas: forma elegante, comodidad y sabor recién hecho. Diseñado para 14 tazas de café. Es una gran opción para la mayoría de hogares, oficinas y exteriores. Tipo de producto: verter en la cafetera. Gris claro y azul. Tamaño: 8.66 x 4.33 x 6.3 pulgadas. Peso total del producto: 2.42 libras.\n\nCOLOR: Azul\nMARCA: WALZION\n\nPESO: 3.06 libras',_binary '\0','Walzion Cafetera Prensa Cafetera Con Mano Juego De Cafetera. Color Azul',623365.7,33),('MLA28454175','Cafetera De Goteo Con Capacidad Para 12 Tazas. Personaliza tu gusto y prepara tu cantidad favorita de tazas con control de fuerza de preparación y temperatura. | Cafetera completamente automática con programación las 24 horas, configúrala en cualquier momento con un botón para disfrutar de un café caliente, fresco y delicioso. | Duradera y fácil de limpiar, no se necesitan cápsulas ni filtros de papel. Cuenta con un filtro permanente y duradero, una jarra de vidrio de borosilicato de alta resistencia y una canasta de filtro extraíble apta para lavavajillas. | Sistema antigoteo inteligente con dispositivo antigoteo de 30 segundos y función de pausa de apagado automático para mantener la mesa limpia. | Diseño ergonómico con mango fácil de operar, especialmente adecuado para principiantes. Color: Negro.',_binary '','Cafetera De Goteo Con Cafetera De 12 Tazas, Cafetera Program',131356.54,32),('MLA29611859','Cafetera Italiana\n\n- El cuerpo de esta cafetera está hecho de aluminio de alta calidad.\n- Este metal conduce el calor de manera eficiente y lo distribuye uniformemente dando una textura suave al café.\n- Tiene un acabado clásico y se ve elegante.\n- Se calienta rápidamente.\n- Tamaño: Base 8cm, Altura 16cm.\n- Diseño de mango ergonómico, resistente a altas temperaturas y aislante, y también se adapta cómodamente a la mano.\n- Fácil y cómodo de operar y funciona rápido, por lo que es perfecto para usar en casa o en la oficina.\n- Este producto se puede calentar en la cocina, estufa de gas, estufa de alcohol o horno electrotérmico, y en pocos minutos disfrutarás de un excelente café.',_binary '\0','Cafetera Italiana Cafetera Italiana Inoxidable Cafetera 4taz Color Gris 0183',193754.1,28),('MLA32160030','Regálate una pausa\nEmpieza tu día con energía y de la mejor manera, disfrutando de la textura y calidad de un buen café en la comodidad de tu casa.',_binary '','Cafetera Amaste, Cafetera De Goteo De 25 Oz Con Cafetera De',999824.14,16),('MLA32629839','¡Tené el agua caliente siempre lista! Con la pava eléctrica Yelmo PE-3912 vas a poder disfrutar de una bebida caliente en minutos. Ganá tiempo y prepará ese mate, cafecito o porqué no, esa sopa instantánea que tanto te gusta.\n\nBebidas calientes a tu gusto\n¿Sabías que para mejorar el sabor, las bebidas calientes tienen que prepararse a determinada temperatura? Gracias al control que incorpora este modelo, vas a lograr que cada mate, té o café sea perfecto.\n\nEvitá desperdicio de energía y gas\nLa seguridad es muy importante, por eso, cuando el agua está lista, la jarra se apaga automáticamente permitiendo a su vez, ahorrar energía.\n\nLa exactitud se puede lograr\nCon su termómetro vas a tener la precisión exacta que necesitas para preparar tu mate, té o café preferido.\n\n\nPANTALLA DIGITAL PARA LA TEMPERATURA PERFECTA:\nTiene temperaturas preestablecidas diseñadas para resaltar los mejores sabores del té y el café.\n\nA través de su diseño ergonómico, presenta una pantalla digital táctil, minimalista y fácil de leer que muestra la temperatura real del agua dentro la pava. No hace falta adivinar, el equipo mide la temperatura interna y la\nmuestra claramente.\n\n- 40°C: Caliente\n- 60°C: Té blanco\n- 90°C: Mate, Café, Leche (el uso de agua a más de 70°C garantiza la eliminación de las bacterias presentes en la leche de fórmula)\n- 100°C: Hervir, Té negro, Té de hierbas\n\nDOBLE PARED PARA MAYOR SEGURIDAD:\nMantiene el calor y la capa exterior es segura al tacto, incluso con agua hirviendo en su interior.\nAcero inoxidable SUS304 totalmente interior\n\nFUNCIONAMIENTO SENCILLO Y FÁCIL:\nAjuste de ebullición con dos toques (seleccionar temperatura y empezar), apagado automático, apertura de la tapa con un botón, base giratoria 360° y diseño sin cable para servir cómodamente.\n\nPREPARA HASTA 12 TAZAS\nLa capacidad de 1,7 L prepara hasta 12 tazas, perfecto para todas las bebidas calientes y necesidades culinarias.\n\nFUNCIÓN MANTENER CALIENTE: Mantiene la temperatura del agua a la temperatura deseada que usted establezca durante 4 horas.',_binary '','Pava Eléctrica Yelmo Pe-3912 1.7lt 2200w Pantalla Digital Color Negro',115638.86,9),('MLA34783002','Disfruta de capuccinos y lattes perfectos con la Cafetera Expresso Digital Suono Automática. Gracias a su espumador de leche integrado, obtendrás la textura cremosa ideal para tus bebidas favoritas. Su diseño en acero inoxidable combina estilo y funcionalidad, permitiéndote preparar café de calidad profesional en casa. Con un depósito de 1.5 litros y un sistema fácil de usar, ahorrarás tiempo sin perder sabor. ¡Lleva la experiencia de un café premium a tu hogar y convierte cada taza en un momento especial!',_binary '','Cafetera Expresso Digital Suono Automática Acero Inox 1.5 L Color Plateado',678444.89,22),('MLA35379110','SILLA CON SOPORTE LUMBAR\n\nNuestro modelo tiene:\n\n* Ajuste de altura\n* Ruedas siliconadas para no rayar el piso\n* Estrella de PVC reforzado - más firme y elegante que las estrellas cromadas.\n* Apoyabrazos móviles - se pueden levantar para guardar la silla en el escritorio\n* Apoyacabezas reclinable - se ajusta también en altura\n* Soporte lumbar\n* Tapizado en tela mesh - fácil de limpiar\n* Bloqueo para el sistema basculante - podrás bascularla solo si lo quieres\n\nsilla adecuada es muy importante para prevenir futuras lesiones. Con esta silla, vas a tener la comodidad y el bienestar que necesitás a lo largo de tu jornada. Además, podés ubicarla en cualquier parte de tu casa u oficina ya que su diseño se adapta a múltiples entornos. ¡Dale a tus espacios un toque más moderno!',_binary '','Silla Pc Escritorio Tela Mesh Apoya Brazo Rebatible Shremwood',643643.09,10),('MLA36453870','La amoladora Lüsqtoff es una herramienta versátil, que permite realizar diferentes trabajos con una terminación profesional. Por eso, es una excelente opción sumarla a tu taller o caja de herramientas. Cuenta con una potencia de 720W y opera bajo una tensión de 220V a 50Hz, asegurando un rendimiento óptimo en cada uso. Su velocidad impresionante de 11000rpm te permitirá realizar cortes precisos y pulidos con facilidad. Diseñada para discos de 115mm y con una rosca M14, esta herramienta es ideal para una amplia gama de aplicaciones. El modelo L-820 viene equipado con un mango ergonómico, una llave para cambios de disco sencillos y una guarda de seguridad para proteger durante el trabajo. Además, incluye 1 disco de corte para que puedas empezar a trabajar de inmediato. Aunque no es una mini amoladora, su tamaño y diseño facilitan su manejo y control, convirtiéndola en una opción excelente para profesionales y aficionados por igual.\n\nEquipá tu casa o taller y ¡hacelo vos mismo! Esta amoladora angular es perfecta para realizar distintos trabajos de amolado, cepillado y pulido. A su vez, se destaca por ser un elemento indispensable para cortar, desbastar y lijar diversos materiales derivados del metal.\n\nCARACTERISTICAS\n. Potencia 720W\n. Tension: 220V 50Hz\n. Velocidad: 11000rpm\n. Disco 115mm\n. Rosca M14\n\n\nINCLUYE\n1 Mango\n1 Llave\n1 Guarda seguridad (cubredisco)\n1 Discos de corte',_binary '','Amoladora Angular Lusqtoff 820-L 720W 115mm 4.5\'\' con Discos Lusqtoff 50hz',919065.81,6),('MLA36834112','Accede a sitios inalcanzables de manera práctica. Transpórtala y adáptala a tus necesidades ¡Ya no hay límites! Asegura su posición sobre puntos sólidos y estables, y comienza a utilizarla.',_binary '\0','Astrim Familia Escalera Para Ático Escalera Telescópica Para Interiores Y Exteriores Escalera Para Ático Escalera Plegable Invisible Montada En La Pared Escalones Antideslizantes Universal',853452.11,12),('MLA36991916','Accede a sitios inalcanzables de manera práctica. Transpórtala y adáptala a tus necesidades ¡Ya no hay límites! Asegura su posición sobre puntos sólidos y estables, y comienza a utilizarla.',_binary '\0','Escalera Telescópica De 15 Pies, Escalera Plegable, Escalera De Extensión, Escalera De Caravana, Escalera De Ático',644536.32,26),('MLA37162969','Accede a sitios inalcanzables de manera práctica. Transpórtala y adáptala a tus necesidades ¡Ya no hay límites! Asegura su posición sobre puntos sólidos y estables, y comienza a utilizarla.',_binary '','Escalera De 3 Escalones, Escalera Plegable, Escalera De Taburete Portátil, Taburete De Aluminio Antideslizante, Escalera Ligera Para El Hogar, Uso De Oficina, Capacidad De 330 Libras Escalera Negra',121275.54,16),('MLA37166229','¿Estás buscando calefaccionar ambientes pequeños? Mantener la temperatura de tus espacios durante el invierno ya no es un problema. El calefactor eléctrico Embassy EM-C2000D2 te permite disfrutar de tu hogar durante todo el año, de una manera más práctica y sencilla.\n\nAdecuado para tu vivienda\nLa ventaja principal de calefaccionar con un caloventor, es que consigue elevar la temperatura del ambiente sin humedecer el aire. A su vez, al ser portátil no necesita de instalación, por lo que podés transportarlo fácilmente a cualquier habitación.',_binary '','Caloventor Calentador Split Embassy EM-C2000D2 2000w Control Digital Blanco',1111613.84,27),('MLA37175139','Accede a sitios inalcanzables de manera práctica. Transpórtala y adáptala a tus necesidades ¡Ya no hay límites! Asegura su posición sobre puntos sólidos y estables, y comienza a utilizarla.',_binary '','Arokh Ligero Escalera Para Ático Escalera Telescópica Para Interiores Y Exteriores Escalera Para Ático Escalera Plegable Invisible Montada En La Pared Escalones Antideslizantes Portátil',513706.95,21),('MLA37284970','Accede a sitios inalcanzables de manera práctica. Transpórtala y adáptala a tus necesidades ¡Ya no hay límites! Asegura su posición sobre puntos sólidos y estables, y comienza a utilizarla.',_binary '\0','Escalera Telescópica De Aluminio/escalera Retráctil/escalera Ajustable/escalera Portatil (aluminio)',964913.75,15),('MLA37506862','Accede a sitios inalcanzables de manera práctica. Transpórtala y adáptala a tus necesidades ¡Ya no hay límites! Asegura su posición sobre puntos sólidos y estables, y comienza a utilizarla.',_binary '','Escalera Telescópica Para Ático Montada En La Pared, Escalera Para Desván Del Hogar, Escalera Plegable Para Exteriores, Escalera De Elevación De Estiramiento Y Contracción Con Gancho Para Escalera',519496.9,27),('MLA37976100','Tómate un descanso \n Empieza el día con energía y de la mejor manera, disfrutando de la textura y la calidad de un buen café en la comodidad de tu hogar. \n \n Café tradicional \n Con un sabor concentrado y un aroma que dominan tu hogar, tu café moka es el complemento ideal para cualquier momento del día.',_binary '\0','Cafetera italiana Mimo Inox Cafetera italiana Cafetera italiana de aluminio',1051069.92,15),('MLA38098260','Dale vida a tus películas y programas en una pantalla ultraamplia y brillante de 6.6\" y 90 Hz con sonido Dolby Atmos®.\nRealiza varias tareas con facilidad gracias a la memoria RAM de 2 GB con expansión de memoria a 4GB. Disfruta de un diseño sofisticado y resistente. Captura fotos espectaculares al instante gracias al sistema de cámaras con IA. Diviértete sin parar con la batería de 5,000 mAh.\n\nCon el nuevo moto e14, te divertirás a lo grande.\n\nLleva el cine en tu bolsillo\nLleva el cine donde sea que vayas. Disfruta de una experiencia audiovisual multidimensional gracias al audio Dolby Atmos® y la pantalla ultraamplia HD+ de 6.6\" y 90 Hz1.\n\nPantalla nítida y brillante\nHaz que tus películas y programas favoritos cobren vida en la pantalla HD+ de 6.6\". Con la frecuencia de actualización de 90 Hz1, disfruta de una experiencia de visualización y desplazamiento más fluida. Sumérgete en tu contenido y evita las distracciones con el diseño de pantalla superior. Además, obtén una visión clara y nítida en cualquier condición de luz gracias a los modos de Brillo alto y Luz nocturna.\n\nDiseño liviano y potente\nA pesar de su diseño delgado, el moto e14 te brinda una potencia increíble. Logra hacer varias tareas a la vez sin problemas y disfruta de un mejor desempeño. La función Expansión de memoria3 te proporciona hasta 4 GB de RAM2 al instante. Además, aprovecha la velocidad del potente procesador Octa-Core.\n\nDiseño compacto y resistente\nAdemás de su diseño delgado, liviano y sofisticado, el moto e14 se destaca por ser duradero. Corning® Gorilla® Glass 3 protege la pantalla de los rayones y los posibles daños. Elige un color que se adapte a tu estilo. El moto e14 está disponible en los colores modernos y atractivos Gris, Verde y Lavanda7.\n\nPantalla resistente a daños\nProtege la pantalla de los rayones y los posibles daños gracias a Corning® Gorilla® Glass 3.\n\nDesbloqueo con una mirada\nAccede a tu teléfono al instante mirando a la cámara frontal.',_binary '\0','Motorola Moto E14 2GB+64GB RAM Verde',700639.9,17),('MLA38174177','Regálate una pausa\nEmpieza tu día con energía y de la mejor manera, disfrutando de la textura y calidad de un buen café en la comodidad de tu casa.',_binary '\0','Mini Cafetera De Te Con Leche, Cafetera Helada Y Cafetera He',725843.44,15),('MLA38193734','Accedé a sitios inalcanzables de manera práctica. Transportala y adaptala a tus necesidades ¡Ya no hay límites! Asegurá su posición sobre puntos sólidos y estables, y comenzá a utilizarla.\n\nTodoterreno\nAl ser una estructura multipropósito, podrás colocarla en distintas posiciones. Además, tu seguridad estará garantizada y tendrás comodidad para trabajar de la manera adecuada. Al finalizar, tan solo la plegás y ocupará muy poco espacio.\n\nLa sustancia justa\nDiseñada en aluminio, es una herramienta ligera y fácil de manejar. Además, es resistente al agua y a los productos químicos, 100% reciclable y reutilizable.',_binary '\0','Escalera De Aluminio Articulada 16 Escalones Alpina Color Plateado',587377.56,17),('MLA39191572','FUNDA CUBRE AUTO SUAVIZADO IMPERMEABLE %100\n\nEVITE DAÑOS!\n\nEL CUBRE AUTO ESTÁ CONFORMADO EN 2 CAPAS QUE PROTEGEN TU AUTO\n\n> TELA SUAVIZADA CON EL FIN DE NO RAYAR LA PINTURA  \n> LA TELA VIENE CON MICROPOROS EVITANDO CONCENTRACIÓN DE GASES  \n> EXCELENTE FUNDA PROTECTORA CONTRA: LLUVIA, CENIZA, DESECHO DE ÁRBOLES, MARCA DE MASCOTAS, PALOMAS, HELADA, ROCÍO Y TODO TIPO DE AGENTES DAÑINOS.  \n> ELASTIZADO  \n> INCLUYE BOLSO DE GUARDADO  \n> EN CASO DE LLUVIA, SECA RÁPIDO YA QUE NO ABSORBE EL AGUA  \n\nESTÁ CONFORMADO 2 CAPAS: 1) CAPA EXTERNA IMPERMEABILIZADA 2) TELA SUAVIZADA NO TEJIDA\n\nTALLE S (AUTOS DE 3,4 A 3,80 MTS): FORD KA LINEA VIEJA, RENAULT CLIO 1 y 2, SUZUKI FUN, CHEVROLET CELTA, VOLKSWAGEN UP, FIAT MOBI, FIESTA MODELO VIEJO Y SIMILARES.\n\nTALLE M (AUTOS DE 3,80 A 4,20 MTS): VOLKSWAGEN GOL POWER / TREND, RENAULT SANDERO, PEUGEOT 206/207/208, CHEVROLET CORSA/CLASSIC, CHEVROLET ONIX, FIESTA KINETIC 5P, TOYOTA ETIOS 5P Y SIMILARES.\n\nTALLE L (AUTOS DE 4,20 MTS A 4,50 MTS): CHEVROLET PRISMA, MERIVA, AVEO, VOLKSWAGEN VOYAGE, POLO, SURAN, PEUGEOT 308, 2008, FOCUS I, II, III, FIESTA KINETIC SEDAN, TOYOTA ETIOS 4P SEDAN Y SIMILARES.\n\nTALLE XL (AUTOS DE 4,50 MTS A 4,8 MTS): CHEVROLET SPIN, VOLKSWAGEN VENTO, ECOSPORT, JEEP RENEGADE, RENAULT DUSTER, TOYOTA COROLLA, PEUGEOT 408, HONDA CIVIC, CITY, RENAULT KANGOO, PARTNER, BERLINGO Y SIMILARES.',_binary '\0','Funda Cubre Auto Coche Impermeable Con Bolso De',301087.28,0),('MLA39434490','Accede a sitios inalcanzables de manera práctica. Transpórtala y adáptala a tus necesidades ¡Ya no hay límites! Asegura su posición sobre puntos sólidos y estables, y comienza a utilizarla.\n\nTodoterreno\nAl ser una estructura multipropósito, podrás colocarla en distintas posiciones. Además, tu seguridad estará garantizada y tendrás comodidad para trabajar de la manera adecuada. Al finalizar, tan solo deberás plegarla y ocupará muy poco espacio.\n\nLa sustancia justa\nDiseñada en aluminio, es una herramienta ligera y fácil de manejar. Además, es resistente al agua y a los productos químicos, 100% reciclable y reutilizable.',_binary '\0','Boweiti Escalera De Extension Telescopica, Escalera Telescop',625324.8,10),('MLA40919487','Potencia tu rendimiento deportivo con la Creatina Monohidratada de Star Nutrition, presentada en un práctico pote de 300 g. Este suplemento nutricional está diseñado para aquellos que buscan maximizar su fuerza y resistencia durante los entrenamientos. Con un formato en polvo, es fácil de mezclar y se integra perfectamente en tu rutina diaria.\n\nLa Creatina es un aliado esencial para atletas y entusiastas del fitness, ya que ayuda a aumentar la energía y mejorar la recuperación muscular. Cada porción te proporciona la dosis ideal para optimizar tus resultados, permitiéndote alcanzar tus metas de manera más eficiente. \n\nEl vaso Legend de 600 ml es el complemento perfecto para tu suplementación, facilitando la preparación de tus batidos y asegurando que obtengas la cantidad adecuada de creatina en cada toma. Ideal para quienes buscan un estilo de vida activo y saludable, este producto es una inversión en tu rendimiento y bienestar.\n\nIncorpora la Creatina Monohidratada de Star Nutrition en tu dieta y experimenta la diferencia en tus entrenamientos. Con un peso neto de 300 g, tendrás suficiente para varias semanas de uso, ayudándote a mantener la constancia en tu progreso. No dejes pasar la oportunidad de llevar tu entrenamiento al siguiente nivel.',_binary '\0','Suplemento En Polvo Star Nutrition Creatine Monohydrate Pote 300g Vaso Legend Nutrition 600ml',1347449.72,28),('MLA40985598','El alfajor Rasta de chocolate blanco de 70g es un producto que se destaca por su sabor único y textura suave. Este alfajor está compuesto por dos capas de galleta rellenas con un generoso dulce de leche, cubiertas con una capa de chocolate blanco que le aporta un sabor dulce y cremoso. Ideal para quienes buscan una opción diferente a los alfajores tradicionales de chocolate negro.\n\nLa presentación en caja x 18 unidades es perfecta para su venta al por mayor o para aquellos que deseen tener un stock de este delicioso alfajor. Cada caja asegura frescura y calidad en cada alfajor, ideal para kioscos, supermercados, o para disfrutar en reuniones y eventos.',_binary '\0','Alfajor Rasta chocolate blanco caja x 18un',1166912.63,29),('MLA41766335','Mantén tu hogar, taller o espacio de trabajo impecable con esta potente aspiradora de tacho de 25 litros y 1300W de potencia. Diseñada para ofrecer una limpieza eficiente sin complicaciones, no requiere bolsa, lo que te permite ahorrar tiempo y dinero en reemplazos.\n\nFunción destacada: Sopladora integrada Además de aspirar, esta versátil máquina cuenta con una función sopladora que te ayudará a remover polvo, hojas o residuos ligeros en espacios difíciles de alcanzar, ideal para exteriores, garajes o talleres.\n\nCaracterísticas principales:\nCapacidad del tanque: 25 litros, ideal para grandes cantidades de polvo y residuos.\nPotencia: 1300W, asegurando una excelente succión para todo tipo de superficies.\nSistema sin bolsa: Fácil de vaciar y mantener, sin necesidad de comprar repuestos.\nFunción sopladora: Para limpieza de áreas exteriores o soplar polvo en espacios complicados.\nDiseño práctico: Equipado con ruedas que facilitan el traslado y un cable de largo adecuado para mayor libertad de movimiento.\nHaz que la limpieza sea más fácil y rápida con esta aspiradora multifuncional, ideal para diversas aplicaciones tanto en el hogar como en espacios profesionales.\n\nLA MANGUERA SE ENCUENTRA DENTRO DEL TACHO DE LA ASPIRADORA.\n\nMedidas:\nLargo de manguera 1.5 mts\nLargo de cable 5 mts\nFiltro Hepa Lavable',_binary '\0','Aspiradora De Tacho Suono 1300w Sin Bolsa 25 L Sopladora',630224.5,33),('MLA41986629','Accede a sitios inalcanzables de manera práctica. Transpórtala y adáptala a tus necesidades ¡Ya no hay límites! Asegura su posición sobre puntos sólidos y estables, y comienza a utilizarla.\n\nTodoterreno\nAl ser una estructura multipropósito, podrás colocarla en distintas posiciones. Además, tu seguridad estará garantizada y tendrás comodidad para trabajar de la manera adecuada. Al finalizar, tan solo deberás plegarla y ocupará muy poco espacio.\n\nLa sustancia justa\nDiseñada en aluminio, es una herramienta ligera y fácil de manejar. Además, es resistente al agua y a los productos químicos, 100% reciclable y reutilizable.',_binary '\0','Boweiti Escalera Telescopica, Escalera Plegable De Aluminio',1177958.47,32),('MLA42255647','CAFETERA ELECTRICA\n\nLa carcasa de ABS y el proceso de pintura hacen que este producto sea muy resistente al desgaste y a la corrosión y puede garantizar un uso a largo plazo. El tanque de agua con una gran capacidad de 31,7 onzas le permite preparar varias tazas de café sin tener que rellenar el agua con frecuencia. Ya sea que lo disfrute solo o con amigos, es fácil de manejar.\n\nLa base termostática mantiene la temperatura de preparación y garantiza que cada gota de café sea suave y sabrosa. \n\nLa potente caldera de 650 vatios extrae un café auténtico con pleno aroma y regusto intenso para que puedas disfrutar de un café aromático incluso en casa.\n\nEsta cafetera cuenta con un diseño antigoteo que detiene el goteo una vez que se retira la cafetera, para que pueda acceder fácilmente a su café en cualquier momento.\n\nLa apariencia exquisita le da a este producto un encanto artístico único y lo convierte en una decoración para el hogar y la oficina, sin duda una buena opción de regalo para amigos, amantes e incluso familiares.\n\nSolo tienes que abrir la tapa superior, colocar la cantidad adecuada de ingredientes en el filtro, verter la cantidad adecuada de agua fría en el tanque de agua y presionar el interruptor para comenzar a preparar el café, lo cual es muy fácil. Es adecuado para varios lugares como apartamentos, oficinas, cafeterías y hoteles.',_binary '\0','Cafetera Cafe Grano Cafetera Grano Electrica Maquinas Cafe Arcashopping Cafeteras Profesionales Cafetera Express Cafetera Grano Cafeteras Electricas Cafetera Expreso',179157.15,32),('MLA42999647','CÁMARA DE SEGURIDAD INTERIOR PTZ A6\n\nCámara de seguridad PTZ (Pan-Tilt-Zoom) es la opción ideal de vigilancia ya que cuenta con tres funciones principales, visión Panorámica, inclinación y Zoom. Cuenta con funciones avanzadas de monitoreo. Ofrece visión nocturna, luz, detección, seguimiento de movimiento y conectividad inalámbrica. Capaz de girar 350° y hacer zoom . Proporciona alta resolución (1080p) y control remoto desde dispositivos móviles. Utiliza app V380Pro y te permite guardar tus grabaciones en la smart cloud o tarjeta Micro TF. De forma remota podrás hablar y escuchar lo que sucede en tu hogar o negocio gracias a su audio bidireccional y micrófono incorporado.\n\nContenido del paquete:\n\n1X Cámara de seguridad PTZ A6.\n1X Manual de usuario.\n1X Cable micro USB\n2X Tornillos y tarugos para su colocación\n\n\nEspecificaciones:\nModelo: PTZ A6\nColor: Blanco\nMaterial: ABS\n\nMétodo de conexión: WIFI, punto de acceso AP, puerto de red RJ45\nResolución en HD: Si.\nCuenta con micrófono y parlante.\nFunción de seguimiento.\nCantidad de punto preestablecido: 6\n\nResolución: 1080P(1920*1080)\nCompatibilidad con redes 2.4.\n\nÁngulo de visión: 350 grados. Rotación vertical 90 grados\nLente: 4 mm\nFormato de vídeo: CAMARADA\n\nModo de vídeo: HD/SD\nCaracterística: Visión nocturna. Interruptor IR-CUT Automático, alrededor de 5-8 metros (varía según el entorno) El LED blanco se puede controlar a distancia a través de la aplicación: (1) Encender (2) Apagar (3) Auto (en modo automático, la luz infrarroja se encenderá después del interruptor de corte IR a la visión nocturna automáticamente, puede detectar inteligentemente el cuerpo humano y encender / apagar la luz blanca de manera inteligente)\n\nCantidad de leds: 4 LED blancos + 4 LED infrarrojos\nAudio: Micrófono y altavoz incorporados, admite audio bidireccional y transmisión en tiempo real. Estándar de compresión de audio ADPCM, autoadaptación al flujo de código\nAlarma.\n\nApp: V380Pro\nOpciones de almacenamiento de datos: Nube, tarjeta Micro TF 128 GB',_binary '\0','Cámara De Seguridad Inalámbrica Exterior Wifi Ip Noax Ptz A6 360° Hd Micrófono Rj45 Sd Sensor De Movimiento Visión Nocturna App',1005853.63,17),('MLA43957281','',_binary '\0','Monitor Gamer LG UltraGear 24GS60F-B con pantalla de 24\" 180Hz y resolución Full HD',1140339.8,24),('MLA44642381','DESCRIPCIÓN DEL PRODUCTO\n\nEsta cafetera iltalina es la forma más fácil y rápida de conseguir un café fuerte y sabroso. Basta con llenar la cámara inferior con agua, añadir café molido a la cesta central y ponerlo en la estufa para hervir.\nEsta cafetera está hecha de aluminio pulido de alta calidad, por lo que, además de las cuerdas, también es ligera y fácil de manejar\nTienen un capacidad de 265 ml\n\n CARACTERISTICAS DEL PRODUCTO\n\n- Material: Aluminio\n- Tapa de ángulos \n- Olla inferior desmontable \n- Mango plastico ABS de alta calidad\n- Marco de fundición de aluminio, con embudo de filtro.\n- Junta de goma \n- Válvula de seguridad de cobre.\n- Capacidad: 265 ml\n\n******NOTA: UN CAFE EXPRESO TIENE ENTRE 40ml Y 60 ml\n- El agua debe ser colocada debajo de la valvula de seguridad\n\n Dimensiones:\n-Base: 9 cm\n-Altura: 15 cm',_binary '\0','Cafetera Espresso Cafetera Italiana Cafetera Italiana 6 Taza Cafetera 265 Ml Cafetera Aluminio 6 Tazas Modelo Italiano Hauki Cafetera Grecaa',706971.76,2),('MLA44829953','Accede a sitios inalcanzables de manera práctica. Transpórtala y adáptala a tus necesidades ¡Ya no hay límites! Asegura su posición sobre puntos sólidos y estables, y comienza a utilizarla.\n\nTodoterreno\nEsta escalera recta está perfectamente diseñada para ser funcional y útil. Solo necesitas apoyar la parte superior en una pared para mantenerla fija y realizar el trabajo.\n\nLa sustancia justa\nDiseñada en aluminio, es una herramienta ligera y fácil de manejar. Además, es resistente al agua y a los productos químicos, 100% reciclable y reutilizable.',_binary '\0','Watati Escalera Telescopica, Escalera De Extension Plegable',778404.95,26),('MLA45632525','',_binary '\0','Alpina Kit de herramientas combinadas 126 Piezas color negro',1009256.01,2),('MLA45805436','El Taladro Atornillador Percutor GP Garden Plus de Lusqtoff es la herramienta ideal para quienes buscan versatilidad y potencia en sus proyectos de bricolaje y jardinería. Con un diseño ergonómico y un acabado en color amarillo, este modelo no solo es atractivo, sino también funcional, permitiendo un agarre cómodo y seguro durante su uso.\n\nEquipado con un mandril de 10 mm, este taladro ofrece una velocidad de rotación que varía entre 400 y 1350 rpm, lo que lo convierte en una opción perfecta para atornillar y perforar en diferentes materiales. Además, cuenta con una función de percusión que facilita el trabajo en superficies más duras, brindando un rendimiento excepcional en cada tarea.\n\nEl GP-LH-199 incluye dos baterías inalámbricas de 1,5 Ah, asegurando que siempre tengas energía disponible para tus proyectos. Su cargador incluido permite una recarga rápida y eficiente, lo que maximiza el tiempo de uso y minimiza las interrupciones.\n\nCon su función de destornillador y un regulador de torque, este taladro es perfecto tanto para aficionados como para profesionales. Su maletín de transporte facilita su almacenamiento y movilidad, convirtiéndolo en un compañero ideal para cualquier trabajo en el hogar o en el jardín.',_binary '','Taladro Atornillador Percutor Gp Garden Plus De Lusqtoff + 2 Baterias Inalambrico Mandril 10mm Con Regulador De Torque',929998.27,26),('MLA45806125','Modo Smart – BKN\nSolo presioná el botón Smart y el equipo ajustará de forma automática a la temperatura más confortable de acuerdo a la temperatura de la habitación.\n\nMayor alcance y distribución de aire – BKN\nCon un flujo de aire de larga distancia de hasta 12 m, podrás disfrutar de la frescura y la comodidad en cualquier lugar de la habitación.\n\nModo Super -BKN\nCon la función Super, el aire acondicionado trabaja a máxima potencia, reduciendo rápidamente la temperatura del ambiente.\n\nSelf-cleaning -BKN\nLa función auto limpieza evitará el crecimiento de microorganismos dañiños al eliminar la humedad dentro de la unidad interior. Activa esta función para tener un aire más limpio y saludable.\n\nI Feel – BKN\nEl equipo tiene el sensor I Feel integrado dentro del control remoto. Es capaz de detectar la temperatura ambiente y transmitir esta información a la unidad interna, garantizando así un ambiente más cómodo y un control de temperatura más preciso en el lugar donde se encuentra el usuario en cada momento, además de un importante ahorro de energía.\n\nModo ECO -INV Black\nModo ECO ahorra hasta 46% de energía vs. Aire Acondicionado tradicional.\n\n\nCARACTERÍSTICAS PRINCIPALES:\nTecnología Inverter\nEficiencia Energetica Clase A++ (modo frío)\nFunciónIFEEL\nDisplay LED con Dimmer\nRefrigerante Ecológico R410a \nControl Remoto Multifunción \nModo Deshumidificación \nFunción Sleep\nTimer Programable \nBarrido de Aire Automático \nFiltros Lavables\n\nESPECIFICACIONES TÉCNICAS:\nAlimentación: 220V / 240V CA - 50 Hz (Monofásico)\nRefrigerante: R410a\nCapacidad frío: 3500w\nCapacidad calor: 3400w\nEf. Energética (Frío) - I.E.E.E.: 5.61 - Clase A++\nEf. Energética (Calor) - C.O.P.: 3.62 - Clase A\nNivel de ruido máximo 39 dB\nCañería de intercon. (Liq./Gas): 1/4\" / 1/2\"\nDistancia máx. entre UI y UE: 15M\nDiferencia de altura máx. entre UI y EU: 5M\nAlimentación c/ cable y ficha de alimentación ( s/ IRAM 2073 ): 10A\nNo incluye kit de instalación\nCuenta con el gas necesario para que funcione en óptimas condiciones\n\nUnidad Interior: \nMedidas Unidad (An/Al/Prof) : 79X25.5X20 cm\nMedidas Caja (An/Al/Prof) : 85X32.5X25.5 cm\nPeso Neto: 7.5 Kg\n\nUnidad Exterior: \nMedidas Unidad (An/Al/Prof) : 71.5X48.2X24 cm\nMedidas Caja (An/Al/Prof) : 83X53X31.5 cm\nPeso Neto: 22.8 Kg',_binary '','Aire Acondicionado Split Inverter Frío Calor Hisense 3010 Frigorías 3500 Watts',858184.9,14),('MLA46190413','Producto: MX527 Amd Ryzen 7 5700G -A520- 16Gb-1Tb-KIT\n\n¯¯¯¯¯¯¯¯¯¯¯¯¯¯¯¯¯¯¯¯¯¯¯¯¯¯¯¯¯¯¯¯¯¯¯¯¯¯¯¯¯¯¯¯¯\nEspecificaciones técnicas:\n\n- Kit Gabinete con fuente\n- Motherboard A520\n- Procesador Amd Ryzen 7 5700G 4.6Ghz AM4\n- Memoria 16 Gb\n- Disco Sólido 1TB\n\nNo incluye sistema operativo.\nLas imágenes son de caracter ilustrativo.',_binary '\0','Pc Armada Gamer AMD Ryzen 7 5700G 16GB SSD 1TB',89632.8,30),('MLA46536597','Compatible con Matter Smart Home\n\nLa compatibilidad con Matter Smart Home\npermite controlar tu TV a través de la app de\nMatter Smart Home o controlarlo por voz con\ndispositivos con Alexa o Google integrados. De\nesta forma, podés encontrar películas y series,\nrecibir recomendaciones y mucho más con tan\nsolo usar tu voz.\n\nDiseño compacto\n\nEl tamaño importa. Diseño compacto y liviano\npara que tu Smart TV entre a la perfección en\ncualquier lugar. Habitaciones, cocina,\nmotorhome: se adapta al espacio que vos elijas.\nDolby Audio\n\nEscuchá con claridad cada momento: esto es\nDolby Audio. Diálogos, momentos increíbles en\npelículas de acción, escenas de la naturaleza;\nviví la experiencia de sonido claro en todos los\nescenarios.\n\nPhilips Smart TV Titan OS\n\nLa Plataforma Philips Smart TV Titan OS trae todo\nel contenido que te gusta, a alta velocidad. Desde\npelículas hasta series y desde documentales hasta\ndramas, todo lo que querés está al alcance de un\nbotón. Descargá todas las mejores apps de\nstreaming fácilmente y accedé a todo tu\ncontenido de siempre.\nHDR10/HLG\n\nColores más brillantes. Tonos vívidos. Desde las\nescenas más oscuras hasta las más iluminadas, la\nclaridad lo es todo. Aquí es donde el HDR10\n(High Dynamic Range) impresiona con claridad\nde colores y contraste.',_binary '\0','Smart Tv 43 Full HD Titan Os HDR10 Dolby Audio Philips',281633.07,26),('MLA47880463','DESCRIPCION DEL PRODUCTO\n\nCAFETERA ITALIANA 9 TAZAS\n\nMáquina de café espresso italiano clásico, nuestra clásica olla italiana te dará todas las recetas de café, café con leche, capuchino, espresso tradicional y todo eso en 1 uso con nuestra cafetera espresso\n\nLa cafetera está hecha de un cuerpo de aluminio elegante y duradero en una forma octágono de 8 lados para difundir el calor y mejorar el aroma del café. La olla para cafetera espresso tiene un mango con un agarre para el dedo para un manejo seguro.\n\nFácil de usar, Para la estufa de la máquina de espresso, desenrosque la parte superior y retire el filtro de la base. Llene el fondo con agua hasta el nivel de la válvula de seguridad e inserte el filtro. Llene el embudo de filtro con café molido (no presione hacia abajo) y atorníllelo de nuevo a la base. 3-5 minutos a fuego medio, obtendrá una cafetera cubana de alta calidad.\n\nFácil de limpiar, esta cafetera espresso es compacta y adecuada para superficies pequeñas sin ocupar espacio en tu cocina. La olla de café expreso es fácil de limpiar con jabón y agua (no lavavajillas).\n\nEstufa eléctrica o de inducción, nuestras versátiles ollas de moca son ideales para estufas de gas, eléctricas o cocinas de inducción. Llévalo a cualquier lugar y disfruta de acampar con tu familia o amigos con un café caliente\n\nCONTENIDO DE LA COMPRA\n\nX1 CAFETERA ITALIANA 9 TAZAS',_binary '','Cafetera Espresso Cafetera Italiana Cafetera Italiana 9 Taza Cafeteras Expreso Aluminio 9 Tazas Valvula Seguridad Cobre Cafetera Portátil Modelo Italiano Camping Color Aluminio Hauki',843654.91,19),('MLA48935613','¡Redescubrí la cocina con el microondas Sansei Digital de 20L! Compacto y potente, este pequeño electrodoméstico es tu aliado indispensable para ganar tiempo en la cocina. Con su capacidad de 20 litros y una potencia de 700W, calentar y descongelar comidas nunca fue tan sencillo. ¿Querés preparar una cena rápida después de un largo día? ¡Sansei lo hace posible!\n\nEste microondas digital no solo es fácil de usar, gracias a su práctico control digital, sino que también se adapta a cualquier espacio con su elegante diseño de mesa. Disfrutá de la comodidad de su descongelamiento automático por peso y tiempo, perfecto para esos días en los que todo tiene que ser express. Además, su tamaño compacto lo hace ideal para cocinas con espacio limitado.\n\nNo esperes más y transformá tu rutina diaria con el microondas Sansei Digital 20L. ¡Compralo ahora y viví la practicidad al máximo!',_binary '\0','Microondas Digital Sansei MSADW20UBP 20L 700W',598328.95,1),('MLA49207088','Accede a sitios inalcanzables de manera práctica. Transpórtala y adáptala a tus necesidades ¡Ya no hay límites! Asegura su posición sobre puntos sólidos y estables, y comienza a utilizarla.\n\nTodoterreno\nVersátil y portátil, su diseño permite el ascenso y descenso manteniendo la estabilidad requerida para trabajar con seguridad. Al finalizar, tan solo deberás plegarla y ocupará muy poco espacio.\n\nLa sustancia justa\nSu composición de acero la convierte en un producto con alta duración y resistencia a la corrosión. Además, posee la capacidad de ser flexible y adquirir distintas posiciones, siempre lista para tarea en el hogar y en el taller.',_binary '','Escalera de acero tijera Genérica Escalera rojo',935015.89,15),('MLA49513495','Accede a sitios inalcanzables de manera práctica. Transpórtala y adáptala a tus necesidades ¡Ya no hay límites! Asegura su posición sobre puntos sólidos y estables, y comienza a utilizarla.\n\nTodoterreno\nVersátil y portátil, su diseño permite el ascenso y descenso manteniendo la estabilidad requerida para trabajar con seguridad. Al finalizar, tan solo deberás plegarla y ocupará muy poco espacio.\n\nLa sustancia justa\nDiseñada en aluminio, es una herramienta ligera y fácil de manejar. Además, es resistente al agua y a los productos químicos, 100% reciclable y reutilizable.',_binary '','Escalera tijera Escalera 5 peldaños aluminio',330237.83,3),('MLA50878143','',_binary '\0','Cafetera Italiana 6 Tazas Cafetera Portatil Cafetera Espress Color Gris',1474404.21,32),('MLA51860416','Accede a sitios inalcanzables de manera práctica. Transpórtala y adáptala a tus necesidades ¡Ya no hay límites! Asegura su posición sobre puntos sólidos y estables, y comienza a utilizarla.\n\nTodoterreno\nEsta escalera recta está perfectamente diseñada para ser funcional y útil. Solo necesitas apoyar la parte superior en una pared para mantenerla fija y realizar el trabajo.\n\nLa sustancia justa\nDiseñada en aluminio, es una herramienta ligera y fácil de manejar. Además, es resistente al agua y a los productos químicos, 100% reciclable y reutilizable.',_binary '\0','Bowoshen Escalera De Aceros Inoxidables 5 Metros Escalera Telescópica Plegable Multiusos Escalera Extensible, Escalera De Seguridad Resistente Plegada Compacta, Capacidad De 350 Libras',341419.31,26),('MLA7852993','Vitroconvector Curvo Peabody PE-VQM20B\n\nDale a tu hogar el confort térmico que necesitás con el vitroconvector curvo Peabody de 2000W. Su diseño curvo y minimalista no solo aporta estilo, sino que garantiza una distribución homogénea del calor en ambientes de hasta 60 m³, sin ruidos molestos ni consumo de oxígeno. Compacto, liviano y fácil de instalar, es ideal para dormitorios, salas de estar y espacios de trabajo. \n\nCaracterísticas: \n\n- 2000W de potencia.\n- Sistema de calefacción por convección.\n- Resistencia de alto rendimiento.\n- Control mecánico de temperatura.\n- No consume oxígeno.\n- No produce humo ni olor.\n- Modo de ahorro de energía a 1000W de potencia.\n- Apagado automático ante sobrecalentamiento.\n- Rendimiento óptimo 60 m³.\n- Termostato regulable. \n- Incluye: Patas plásticas y accesorio para colgar en pared.\n- Medidas (ancho x alto x prof.): 81,5 x 45 x 10 cm.\n- Peso neto 7,55 kg.\n\nEstilo, tecnología y calor para tu hogar\nCon el vitroconvector curvo Peabody disfrutás de un invierno más cálido, con diseño moderno, bajo consumo y máxima seguridad. Sentí la diferencia desde el primer uso.',_binary '','Calefactor Eléctrico Vitroconvector Curvo Peabody Pe-vqm20b 2000w Color Blanco',632064.5,19),('MLA9443800','Esta fragancia floral-amaderada-afrutada es una oda a la feminidad. En sus notas de salida encontramos deliciosos destellos de mandarina amarilla, pera ruibarbo y melocotón de viña blanco.\n\nUn giro floral revela los encantadores aromas del jazmín, mahonia y Orquídea Golden Chain Scenttrek®.\n\nFinalmente, el toque elegante, envolvente y sensual lo da el sándalo, almizcle, vainilla y madera akigala. Una combinación que da como resultado una eau de parfum misteriosa y refinada que complementa tus looks con mucho estilo y personalidad.\n\n- CONCENTRACIÓN Y TAMAÑO  \nEau de Parfum (EDP) - 100 ml\n\n- PRESENTACIÓN  \nPerfume presentado como lo entrega su fabricante bajo las Normas Legales vigentes.\n\n- PROCEDENCIA  \nItalia',_binary '','Fresh Couture Gold EDP 100ml para mujer',1422454.28,33);
/*!40000 ALTER TABLE `product` ENABLE KEYS */;
UNLOCK TABLES;

--
-- Table structure for table `product_attribute`
--

DROP TABLE IF EXISTS `product_attribute`;
/*!40101 SET @saved_cs_client     = @@character_set_client */;
/*!50503 SET character_set_client = utf8mb4 */;
CREATE TABLE `product_attribute` (
                                     `id` varchar(255) NOT NULL,
                                     `name` varchar(255) DEFAULT NULL,
                                     `attribute_value` varchar(255) DEFAULT NULL,
                                     `product_id` varchar(255) DEFAULT NULL,
                                     PRIMARY KEY (`id`),
                                     KEY `FKlefs59y5kmsbu017n1wp10gf2` (`product_id`),
                                     CONSTRAINT `FKlefs59y5kmsbu017n1wp10gf2` FOREIGN KEY (`product_id`) REFERENCES `product` (`id`)
) ENGINE=InnoDB DEFAULT CHARSET=utf8mb4 COLLATE=utf8mb4_0900_ai_ci;
/*!40101 SET character_set_client = @saved_cs_client */;

--
-- Dumping data for table `product_attribute`
--

LOCK TABLES `product_attribute` WRITE;
/*!40000 ALTER TABLE `product_attribute` DISABLE KEYS */;
INSERT INTO `product_attribute` VALUES ('ACCESSORIES_INCLUDED','Accesorios incluidos','2 adaptadores de ¾\'\' a ½\'\'','MLA19686540'),('ADDITIONAL_FUNCTIONS','Funciones adicionales','Aspiradora, Sopladora, soplad','MLA41766335'),('AIR_CONDITIONER_TYPE','Tipo de aire acondicionado','Split','MLA45806125'),('AIR_CONDITIONING_TYPE','Tipo de climatización','Frío/Calor','MLA45806125'),('ALPHANUMERIC_MODEL','Modelo alfanumérico','Cafeteira italiana','MLA37976100'),('AMINO_ACIDS_PER_SERVING','Aminoácidos por porción','8.7 g','MLA18212679'),('ANATEL_HOMOLOGATION_NUMBER','Homologación Anatel Nº','168642201698','MLA19795012'),('APPLICATION_FORMAT','Formato de aplicación','Spray','MLA9443800'),('ASPECT_RATIO','Relación de aspecto','16:9','MLA43957281'),('AUTOMOTIVE_TIRE_ASPECT_RATIO','Relación de aspecto','70','MLA27930307'),('BACKLIGHT_TYPE','Tipo de retroiluminación','LED','MLA46536597'),('BACKLIGHTING_COLOR','Color de la retroiluminación','RGB','MLA22448125'),('BACKREST_HEIGHT','Altura del respaldo','55 cm','MLA35379110'),('BACKREST_WIDTH','Ancho del respaldo','50 cm','MLA35379110'),('BATTERIES_NUMBER','Cantidad de baterías','2','MLA45805436'),('BATTERY_AMPERAGE','Amperaje de la bateria','1.5 Ah','MLA45805436'),('BATTERY_CAPACITY','Capacidad de la batería','5 Ah','MLA38098260'),('BATTERY_TYPE','Tipo de batería','Ion de litio','MLA22826188'),('BLADES_MATERIALS','Materiales de las aspas','Acero inoxidable','MLA18968036'),('BRAND','Marca','Capitan Del Espacio','MLA20730516'),('BRIGHTNESS','Brillo','300 cd/m²','MLA43957281'),('BUTTONS_NUMBER','Cantidad de botones','11','MLA15173180'),('CABLE_LENGTH','Largo del cable','5 m','MLA41766335'),('CABLES_INCLUDED','Cables incluidos','Corriente, DisplayPort','MLA43957281'),('CAMERA_LENS_DIAMETER','Diámetro del lente de la cámara','0 mm','MLA42999647'),('CAMERA_LOCATIONS','Locaciones de la cámara','Interior, Exterior','MLA42999647'),('CAMERA_RESOLUTION','Resolución de la cámara','5 Mpx','MLA19795012'),('CANDY_TYPE','Tipo de golosina','Alfajor','MLA20730516'),('CHARGE_TIME','Tiempo de carga','1.5 h','MLA18968036'),('CLOSED_LADDER_HEIGHT','Altura de la escalera cerrada','75 cm','MLA41986629'),('COFFEE_MAKER_TYPES','Tipos de cafetera','Italina','MLA47880463'),('COLLECTOR_TYPES','Tipos de colector','Sin bolsa','MLA41766335'),('COLOR','Color','Negro','MLA16113646'),('COMBS_NUMBER','Cantidad de peines','4','MLA18968036'),('COMPATIBLE_CAPSULES','Cápsulas compatibles','Manual','MLA44642381'),('COMPATIBLE_OPERATING_SYSTEMS','Sistemas operativos compatibles','Windows 7, macOS X 10.11, Chrome OS','MLA15173180'),('COMPATIBLE_VIRTUAL_ASSISTANTS','Asistentes virtuales compatibles','Alexa','MLA42999647'),('COMPUTER_CASE_BRAND','Marca del gabinete','BRB','MLA46190413'),('COMPUTER_MONITOR_CONNECTIONS','Conexiones del monitor de la computadora','DisplayPort, HDMI','MLA43957281'),('COMPUTER_MOUSE_TYPE','Tipo de mouse','De juego','MLA15173180'),('CONNECTION_TYPES','Tipos de conexiones','Con cable','MLA42999647'),('CONNECTIVITY','Conectividad','Wi-Fi, Punto de acceso AP, Puerto de red RJ45, Bluetooth, LAN','MLA42999647'),('CONNECTOR_TYPE','Tipo de conector','USB-C','MLA22448125'),('CONTAINS_LACTOSE','Contiene lactosa','No','MLA18212679'),('CONTRAST','Contraste','1000:1','MLA43957281'),('CONTROL_TYPES','Tipos de control','Voz, App, Remoto','MLA42999647'),('COOLER_BRAND','Marca del refrigerador del CPU','AMD','MLA46190413'),('COOLER_MODEL','Modelo del refrigerador del CPU','Cooler Stock','MLA46190413'),('COOLING_CAPACITY','Capacidad de refrigeración','11944.985 BTU','MLA45806125'),('COOLING_POWER','Potencia de refrigeración','3.5 kW','MLA45806125'),('COP','COP','3.62','MLA45806125'),('CORE_BASE_FREQUENCY','Frecuencia base del núcleo','1.32 GHz','MLA17486628'),('CORE_BOOST_FREQUENCY','Frecuencia boost del núcleo','1.807 GHz','MLA17486628'),('CORES_NUMBER','Cantidad de núcleos','3584','MLA17486628'),('CUPS_CAPACITY','Capacidad de tazas','6','MLA44642381'),('DENSITY','Densidad','31 kg/m³','MLA22938950'),('DEPTH','Profundidad','12.5 cm','MLA19686540'),('DEPTH_WITH_STAND','Profundidad con soporte','2.24 m','MLA46536597'),('DETAILED_MODEL','Modelo detallado','WALZION','MLA28029690'),('DIAMETER','Diámetro','1 m','MLA19795012'),('DIGITAL_ZOOM','Zoom digital','4x','MLA42999647'),('DISC_DIAMETER','Diámetro del disco','115 mm','MLA36453870'),('DISK_TYPE','Tipo de disco','SSD','MLA22826188'),('DISPLAY_RESOLUTION','Resolución de la pantalla','1920 px x 1080 px','MLA43957281'),('DISPLAY_RESOLUTION_TYPE','Tipo de resolución de la pantalla ','HD+','MLA38098260'),('DISPLAY_SIZE','Tamaño de la pantalla','0.614 \"','MLA19795012'),('DISPLAY_TYPE','Tipo de pantalla','LED','MLA43957281'),('DRIVE_STORAGE','Almacenamiento del disco','960GB HIKSEMI WAVE SATA 3.0','MLA46190413'),('EDITION','Edición','OC Edition','MLA17486628'),('ELECTRIC_HEATER_TYPE','Tipo de calefactor eléctrico','Vitroconvector','MLA7852993'),('ENERGY_EFFICIENCY','Eficiencia energética','A++','MLA43957281'),('ENERGY_EFFICIENCY_ARGENTINA','Eficiencia energética Argentina','A++','MLA45806125'),('ENERGY_EFFICIENCY_BRASIL','Eficiencia energética Brasil','A','MLA45806125'),('ENERGY_EFFICIENCY_CHILE','Eficiencia energética Chile','A','MLA45806125'),('ENERGY_EFFICIENCY_COLOMBIA','Eficiencia energética Colombia','A','MLA45806125'),('ENERGY_EFFICIENCY_ECUADOR','Eficiencia energética Ecuador','A','MLA45806125'),('ENERGY_EFFICIENCY_IN_HEATING_MODE','Eficiencia energética en modo calefacción','A','MLA45806125'),('ENERGY_EFFICIENCY_PERU','Eficiencia energética Perú','A','MLA45806125'),('ENERGY_EFFICIENCY_URUGUAY','Eficiencia energética Uruguay','A','MLA45806125'),('EXTERNAL_MATERIAL','Material externo','plastic','MLA42999647'),('FABRIC_COMPOSITION','Composición de la tela','De punto','MLA22938950'),('FILLING_MATERIALS','Materiales del relleno','Espuma','MLA16113646'),('FILLING_TYPE','Tipo de relleno','Espuma','MLA22938950'),('FILTER_TYPES','Tipos de filtros','Permanente','MLA42255647'),('FLAVOR','Sabor','Chocolate','MLA20730516'),('FREQUENCY','Frecuencia','50Hz','MLA19686540'),('FRIGORIAS','Frigorías','3010 fg','MLA45806125'),('FRONT_CAMERAS_NUMBER','Cantidad de cámaras frontales','1','MLA38098260'),('FUNCTIONS','Funciones','Reproducción de música, Control por voz, Sensores ambientales, Control de dispositivos del hogar, Control por tacto','MLA19795012'),('GENDER','Género','Mujer','MLA9443800'),('GRAPHIC_CARD','Tarjeta gráfica','Intel UHD Graphics 600','MLA22826188'),('GRAPHICS_MEMORY_TYPE','Tipo de memoria gráfica','GDDR6','MLA17486628'),('HAND_ORIENTATION','Orientación de la mano','Diestro','MLA15173180'),('HDMI_PORTS_NUMBER','Cantidad de puertos HDMI','3','MLA46536597'),('HEADS_NUMBER','Cantidad de cabezales','1','MLA18968036'),('HEADS_TYPES','Tipos de cabezales','Planos','MLA18968036'),('HEATER_MAX_POWER','Potencia máxima','2 kW','MLA7852993'),('HEATING_CAPACITY','Capacidad de calefacción','11603.7 BTU','MLA45806125'),('HEIGHT','Altura','21 cm','MLA19686540'),('HEIGHT_WITH_STAND','Altura con soporte','14.9 cm','MLA43957281'),('HEIGHT_WITHOUT_STAND','Altura sin soporte','32.38 cm','MLA43957281'),('HORIZONTAL_VIEWING_ANGLE','Ángulo de visión horizontal','178°','MLA43957281'),('HOTKEYS_NUMBER','Cantidad de teclas de acceso rápido','12','MLA22448125'),('IGNITION_TYPE','Tipo de encendido','Manual','MLA41766335'),('IMAGE_SENSOR_TYPE','Tipo de sensor de imagen','Sensor CMOS','MLA42999647'),('INCLUDES_ASSEMBLY_MANUAL','Incluye manual de ensamblado','Sí','MLA35379110'),('INCLUDES_BAG','Incluye bolso','Sí','MLA39191572'),('INCLUDES_BATTERY','Incluye batería','No','MLA26994480'),('INCLUDES_CELL_BATTERIES','Incluye pilas','No','MLA47880463'),('INCLUDES_CHARGER','Incluye cargador','Sí','MLA26994480'),('INCLUDES_DETERGENT_DISPENSER','Incluye dosificador de detergente','Sí','MLA26994480'),('INCLUDES_DISC_PROTECTOR','Incluye protector de disco','Sí','MLA36453870'),('INCLUDES_HOSE','Incluye manguera','Sí','MLA26994480'),('INCLUDES_MOUSEPAD','Incluye mousepad','No','MLA15173180'),('INCLUDES_OS_TRIAL','Incluye prueba de sistema operativo','Sí','MLA46190413'),('INCLUDES_PENCIL','Incluye lápiz','No','MLA43957281'),('INCLUDES_PLATFORM','Incluye plataforma','No','MLA49207088'),('INCLUDES_RECHARGEABLE_BATTERY','Incluye batería recargable','Sí','MLA18968036'),('INCLUDES_REMOTE_CONTROL','Incluye control remoto','Sí','MLA45806125'),('INCLUDES_REMOVABLE_DRIP_TRAY','Incluye bandeja recolectora removible','No','MLA44642381'),('INCLUDES_TIMER','Incluye temporizador','No','MLA47880463'),('INCLUDES_WATER_TANK','Incluye tanque de agua','No','MLA26994480'),('INDOOR_UNIT_DEPTH','Profundidad de la unidad interna','20 cm','MLA45806125'),('INDOOR_UNIT_HEIGHT','Altura de la unidad interna','25.5 cm','MLA45806125'),('INDOOR_UNIT_WEIGHT','Peso de la unidad interna','7.5 kg','MLA45806125'),('INDOOR_UNIT_WIDTH','Ancho de la unidad interna','79 cm','MLA45806125'),('INGREDIENTS','Ingredientes','Aceites vegetales, Aislado de proteína de soja, Almidón de maíz hidrolizado, Concentrado de proteína de leche, Minerales, Oligofructosa, Sacarosa','MLA18212679'),('INPUT_DIAMETER','Diámetro de entrada','0.75 \"','MLA19686540'),('INSTALLATION_PLACEMENTS','Lugares de colocación','De pared','MLA45806125'),('INTEGRATED_APPS','Apps integradas','Netflix','MLA46536597'),('INTEGRATED_GRAPHIC_CARD_BRAND','Marca de la tarjeta gráfica integrada','intel','MLA22826188'),('INTERFACES','Interfaces','USB','MLA15173180'),('INTERNAL_MEMORY','Memoria interna','64 GB','MLA38098260'),('IS_3D','Es 3D','No','MLA43957281'),('IS_ALCOHOL_FREE','Es libre de alcohol','No','MLA22238294'),('IS_ANTI_GLARE','Es antirreflejo','Sí','MLA43957281'),('IS_ANTIMITE','Es antiácaros','Sí','MLA22938950'),('IS_ANTIVANDALIC','Es antivandálica','No','MLA42999647'),('IS_BUILT_IN','Es empotrable','No','MLA44642381'),('IS_COMPACT','Es compacto','No','MLA22448125'),('IS_CRUELTY_FREE','Es libre de crueldad','Sí','MLA22238294'),('IS_CURVED','Es curvo','No','MLA43957281'),('IS_DIELECTRIC','Es dieléctrico','No','MLA49207088'),('IS_DIRECTX_COMPATIBLE','Es compatible con directX','Sí','MLA17486628'),('IS_DOMESTIC','Es doméstica','Sí','MLA49207088'),('IS_DOUBLE_PILLOW','Es doble pillow','No','MLA22938950'),('IS_DUAL_SIM','Es Dual SIM','No','MLA38098260'),('IS_ECO_FRIENDLY','Es eco-friendly','Sí','MLA22938950'),('IS_ERGONOMIC','Es ergonómica','Sí','MLA16113646'),('IS_EXTENDABLE','Es extensible','No','MLA49207088'),('IS_FACTORY_KIT','Es un kit de fábrica','Sí','MLA45632525'),('IS_FLEXIBLE','Es flexible','No','MLA22448125'),('IS_FOLDABLE','Es plegable','Sí','MLA49207088'),('IS_GAMER','Es gamer','No','MLA16113646'),('IS_GLUTEN_FREE','Es libre de gluten','No','MLA20730516'),('IS_HYPOALLERGENIC_PRODUCT','Es un producto hipoalergénico','No','MLA22938950'),('IS_INDUSTRIAL','Es industrial','Sí','MLA41766335'),('IS_INFANT','Es infantil','No','MLA22938950'),('IS_LACTOSE_FREE','Es libre de lactosa','No','MLA20730516'),('IS_MATTRESS_IN_A_BOX','Es colchón en caja','Sí','MLA22938950'),('IS_MINI_POWER_GRINDER','Es mini amoladora','No','MLA36453870'),('IS_MOISTURE_RESISTANT','Es resistente a la humedad','No','MLA19795012'),('IS_MOTORIZED','Es motorizada','Sí','MLA42999647'),('IS_NUMERIC_KEYBOARD','Es teclado numérico','No','MLA22448125'),('IS_ONE_HANDED','Es para una mano','No','MLA22448125'),('IS_ONE_SIDE','Es one side','Sí','MLA22938950'),('IS_OPENGL_COMPATIBLE','Es compatible con openGL','Sí','MLA17486628'),('IS_ORGANIC','Es orgánico','No','MLA18212679'),('IS_ORTHOPEDIC','Es ortopédico','No','MLA22938950'),('IS_PORTABLE','Es portátil','Sí','MLA47880463'),('IS_RECHARGEABLE','Es recargable','Sí','MLA15173180'),('IS_RECLINABLE','Es reclinable','Sí','MLA43957281'),('IS_REFILLABLE','Es recargable','No','MLA9443800'),('IS_SET','Es set','No','MLA22238294'),('IS_SILENT','Es silencioso','Sí','MLA18968036'),('IS_SMART','Es smart','Sí','MLA46536597'),('IS_SPADE_HANDLE_TYPE','Es de mango tipo espada','No','MLA45805436'),('IS_SPLASH_RESISTANT','Es resistente a salpicaduras','No','MLA22448125'),('IS_SUGAR_FREE','Es libre de azúcar','No','MLA20730516'),('IS_SUITABLE_FOR_BABIES','Es apta para bebés','No','MLA18968036'),('IS_SUITABLE_FOR_HOT_WATER','Es apto para agua caliente','No','MLA26994480'),('IS_SUITABLE_FOR_LACTANTING_PEOPLE','Es apto para personas en período de lactancia','No','MLA18212679'),('IS_SUITABLE_FOR_LIQUID','Es apto para líquido','Sí','MLA41766335'),('IS_SUITABLE_FOR_PREGNANT_PEOPLE','Es apto para personas en período de embarazo','No','MLA18212679'),('IS_SUITABLE_FOR_TRAVEL','Es apta para viaje','Sí','MLA18968036'),('IS_SWIVEL','Es giratoria','Sí','MLA16113646'),('IS_SWIVELLING','Es giratorio','No','MLA43957281'),('IS_TELESCOPIC','Es telescópica','No','MLA49207088'),('IS_VACUUM_PACKED','Está envasado al vacío','Sí','MLA22938950'),('IS_VEGAN','Es vegano','Sí','MLA22238294'),('IS_WATER_RESISTANT','Es resistente al agua','Sí','MLA42999647'),('IS_WATERPROOF','Es a prueba de agua','Sí','MLA39191572'),('IS_WIRELESS','Es inalámbrico','Sí','MLA15173180'),('KEYBOARD_COLOR','Color del teclado','Blanco','MLA22448125'),('KEYBOARD_DEPTH','Profundidad del teclado','3.46 cm','MLA22448125'),('KEYBOARD_HEIGHT','Altura del teclado','12.79 cm','MLA22448125'),('KEYBOARD_LANGUAGE','Idioma del teclado','Español','MLA22826188'),('KEYBOARD_WEIGHT','Peso del teclado','655 g','MLA22448125'),('KEYBOARD_WIDTH','Ancho del teclado','35.33 cm','MLA22448125'),('KEYBOARDS_KEYS_NUMBER','Cantidad de teclas','94','MLA22448125'),('KEYS_SHAPE','Forma de las teclas','Cilíndrica','MLA22448125'),('LADDER_WIDTH','Ancho de la escalera','47.5 cm','MLA49207088'),('LANGUAGE','Idioma','Inglés US','MLA22448125'),('LANGUAGES','Idiomas','Multi idioma','MLA19795012'),('LAYOUT','Layout','QWERTY','MLA22448125'),('LEAN_BACK_MECHANISM_TYPES','Tipos de mecanismos de reclinación','Basculante','MLA16113646'),('LENGTH','Largo','4.5 m','MLA39191572'),('LENGTH_WITH_STAND','Largo con soporte','18.05 cm','MLA43957281'),('LENGTH_WITHOUT_STAND','Largo sin soporte','4.28 cm','MLA43957281'),('LINE','Línea','Gerenciales','MLA16113646'),('LOAD_INDEX','Índice de carga','82','MLA27930307'),('LOAD_RANGE','Rango de carga','SL','MLA27930307'),('LUMBAR_SUPPORT_TYPE','Tipo de soporte lumbar','Fijo','MLA16113646'),('MAIN_COLOR','Color principal','Negro','MLA16113646'),('MAIN_FUNCTION','Función principal','Trimmer','MLA18968036'),('MAIN_SUPPLEMENT','Suplemento principal','Proteína, vitaminas, minerales','MLA18212679'),('MAJOR_INGREDIENT','Ingrediente destacado','Dulce de leche','MLA20730516'),('MANDREL_SIZE','Tamaño del mandril','10 mm','MLA45805436'),('MANUAL_TITLE','Título manual','Alfajor Capitan Del Espacio Simple Chocolate Caja X 36 Unidades','MLA20730516'),('MANUFACTURER','Fabricante','Genérica','MLA29611859'),('MANUFACTURER_TIRE_SIZE','Tamaño','175/70R13','MLA27930307'),('MATERIAL','Material','Vidrio templado','MLA7852993'),('MATERIALS','Materiales','Acero inoxidable','MLA32629839'),('MATTRESS_FIRMNESS','Firmeza del colchón','Firme','MLA22938950'),('MATTRESS_SIZE','Tamaño del colchón','1 plaza','MLA22938950'),('MAX_CHAIR_HEIGHT','Altura máxima de la silla','118 cm','MLA16113646'),('MAX_CUTTING_DEPTH','Profundidad máxima de corte','0 mm','MLA36453870'),('MAX_CUTTING_HEIGHT','Altura máxima de corte','1.2 cm','MLA18968036'),('MAX_FREQUENCY_RESPONSE','Respuesta máxima en frecuencia','40 kHz','MLA19795012'),('MAX_HEIGHT_FROM_FLOOR_TO_SEAT','Altura máxima del piso al asiento','54 cm','MLA16113646'),('MAX_INPUT_WATER_TEMPERATURE','Temperatura máxima de entrada de agua','35 °C','MLA19686540'),('MAX_LADDER_HEIGHT','Altura máxima de la escalera','90 cm','MLA49207088'),('MAX_LIFTING_HEIGHT','Altura máxima de elevación','9 m','MLA19686540'),('MAX_PRESSURE','Presión máxima','0.9 bar','MLA19686540'),('MAX_PROCESSOR_SPEED','Velocidad máxima del procesador','2.8 GHz','MLA22826188'),('MAX_REACH','Alcance máximo','5 m','MLA15173180'),('MAX_REFRESH_RATE','Frecuencia máxima de actualización','180 Hz','MLA43957281'),('MAX_RESOLUTION','Resolución máxima','8K','MLA17486628'),('MAX_ROTATION_SPEED','Velocidad máxima de rotación','1350 rpm','MLA45805436'),('MAX_SPEAKERS_POWER','Potencia máxima de los parlantes','16 W','MLA46536597'),('MAX_SPEED','Velocidad máxima','190 km/h','MLA27930307'),('MAX_TEMPERATURE_SUPPORTED','Temperatura máxima soportada','60 °C','MLA42999647'),('MAX_WATER_FLOW','Caudal máximo de agua','30 l/min','MLA19686540'),('MAX_WATER_TEMPERATURE','Temperatura máxima de agua','50 °C','MLA26994480'),('MAX_WEIGHT_LOAD','Carga máxima','475 kg','MLA27930307'),('MAX_WEIGHT_SUPPORTED','Peso máximo soportado','130 kg','MLA16113646'),('MEMORY_BANDWIDTH','Ancho de banda de memoria','360 GB/s','MLA17486628'),('MEMORY_BUS','Bus de memoria','192 bit','MLA17486628'),('MEMORY_DATA_SPEED','Velocidad de datos de la memoria','1.875 GB/s','MLA17486628'),('MEMORY_SIZE','Tamaño de la memoria','12 GB','MLA17486628'),('MEMORY_SPEED','Velocidad de la memoria','15 GHz','MLA17486628'),('MICROWAVE_MOUNTING_TYPES','Tipos de montaje del microondas','De mesa','MLA48935613'),('MIN_CHAIR_HEIGHT','Altura mínima de la silla','108 cm','MLA16113646'),('MIN_CUTTING_HEIGHT','Altura mínima de corte','0 mm','MLA18968036'),('MIN_FREQUENCY_RESPONSE','Respuesta mínima en frecuencia','100 Hz','MLA19795012'),('MIN_HEIGHT_FROM_FLOOR_TO_SEAT','Altura mínima del piso al asiento','44 cm','MLA16113646'),('MIN_PROCESSOR_SPEED','Velocidad mínima del procesador','1.1 GHz','MLA22826188'),('MIN_RECOMMENDED_AGE','Edad mínima recomendada','40 años','MLA18212679'),('MIN_ROTATION_SPEED','Velocidad mínima de rotación','400 rpm','MLA45805436'),('MIN_TEMPERATURE_SUPPORTED','Temperatura mínima soportada','0 °C','MLA42999647'),('MOBILE_NETWORK','Red móvil','4G/LTE','MLA38098260'),('MODEL','Modelo','Darwin','MLA16113646'),('MONITOR_OUTPUTS_NUMBER','Número de salidas de monitor','4','MLA17486628'),('MOTHERBOARD_BRAND','Marca de la placa madre','Asus','MLA46190413'),('MOTHERBOARD_INTERFACE','Interfaz con la placa madre','PCI-Express 4.0','MLA17486628'),('MOTHERBOARD_MODEL','Modelo de la placa madre','A520M-K ASUS PRIME AM4','MLA46190413'),('MOTOR_TYPES','Tipos de motor','Rotativo','MLA18968036'),('MOUNTING_PLACES','Lugares de montaje','Pared, Techo','MLA42999647'),('MOVEMENT_TYPE','Tipo de movimiento','PTZ','MLA42999647'),('MPN','MPN','EUR6SFRESH GOLD6S321000, 6S32','MLA9443800'),('NET_VOLUME','Volumen neto','300 mL','MLA40919487'),('NET_WEIGHT','Peso neto','1.26 kg','MLA40985598'),('NIGHT_SCOPE_DISTANCE','Distancia de alcance nocturno','20 m','MLA42999647'),('NOISE_LEVEL','Nivel de ruido','39 dB','MLA45806125'),('NUTRITIONAL_VALUES_PER_SERVING','Valores nutricionales por porción','230 kcal calorías (energía), 31 g carbohidratos, 8.6 g proteínas, 7.5 g grasas totales, 0.9 g grasas saturadas, 0 g grasas trans, 4.6 g grasas monoinsaturadas, 1.9 g grasas poliinsaturadas, 1.4 g ácido linoleico (omega 6), 0.2 g ácido linolénico (omega 3)','MLA18212679'),('OFFICE_CHAIR_DEPTH','Profundidad de la silla','64 cm','MLA16113646'),('OFFICE_CHAIR_HEIGHT','Altura de la silla','118 cm','MLA16113646'),('OFFICE_CHAIR_TYPE','Tipo de silla de oficina','Ejecutiva','MLA16113646'),('OFFICE_CHAIR_WEIGHT','Peso de la silla','14 kg','MLA35379110'),('OFFICE_CHAIR_WIDTH','Ancho de la silla','64 cm','MLA16113646'),('OLFACTORY_FAMILY','Familia olfativa','Floral frutal','MLA9443800'),('OLFACTORY_NOTES','Notas olfativas','Akigalawood, Almizcle, Sándalo, Vainilla','MLA9443800'),('OPERATING_SYSTEM_EDITION','Edición del sistema operativo','Go Editon','MLA38098260'),('OPERATING_SYSTEM_NAME','Nombre del sistema operativo','Android','MLA38098260'),('OPERATING_TIME','Tiempo de funcionamiento','120 m','MLA18968036'),('OPERATIVE_SYSTEMS_COMPATIBILITY','Sistemas operativos compatibles','Android, iOS, Android 4.2, FireOS','MLA42999647'),('OPTICAL_ZOOM','Zoom óptico','1x','MLA42999647'),('OPTIMIZED_FOR_AI','Optimizado para IA','No','MLA46190413'),('ORIGIN_COUNTRY','País de origen','Italia','MLA9443800'),('OS_COMPATIBLES','Sistemas operativos compatibles','Windows 8','MLA43957281'),('OS_EDITION','Edición del sistema operativo','Home','MLA22826188'),('OS_NAME','Nombre del sistema operativo','Windows','MLA22826188'),('OS_VERSION','Versión del sistema operativo','11','MLA22826188'),('OUTDOOR_UNIT_DEPTH','Profundidad de la unidad externa','24 cm','MLA45806125'),('OUTDOOR_UNIT_HEIGHT','Altura de la unidad externa','48.2 cm','MLA45806125'),('OUTDOOR_UNIT_WEIGHT','Peso de la unidad externa','22.8 kg','MLA45806125'),('OUTDOOR_UNIT_WIDTH','Ancho de la unidad externa','71.5 cm','MLA45806125'),('OUTPUT_DIAMETER','Diámetro de salida','0.75 \"','MLA19686540'),('PACKAGING_TYPE','Tipo de envase','Caja','MLA18212679'),('PANEL_TYPE','Tipo de panel','IPS','MLA43957281'),('PC_CONNECTIVITY','Conectividad de la PC','2x USB 2.0 Delanteros, HDMI, Puerto Ethernet RJ-45, USB 3.0 Traseros','MLA46190413'),('PC_KEYBOARD_ARCHITECTURE','Arquitectura','Mecánico','MLA22448125'),('PC_KEYBOARDS_SWITCH_TYPE','Tipo de switch','Machenike Red','MLA22448125'),('PERFUME_NAME','Nombre del perfume','Fresh Couture Gold','MLA9443800'),('PERFUME_TYPE','Tipo de perfume','Eau de parfum','MLA9443800'),('PIECES_NUMBER','Cantidad de piezas','126','MLA45632525'),('PISTONS_MATERIAL','Material de los pistones','Acero','MLA26994480'),('POSITION_TYPE','Tipo de posición','Tijera','MLA49207088'),('POSITIONS_NUMBER','Cantidad de posiciones','3','MLA18968036'),('POWER','Potencia','120 W','MLA19686540'),('POWER_GRINDER_TYPE','Tipo de amoladora','Angular','MLA36453870'),('POWER_LEVELS_NUMBER','Cantidad de niveles de potencia','2','MLA7852993'),('POWER_REQUIREMENT','Requerimiento energético','550 W','MLA17486628'),('POWER_SUPPLY_BRAND','Marca de la fuente de alimentación','BRB','MLA46190413'),('POWER_SUPPLY_POWER_OUTPUT','Potencia de salida de la fuente de alimentación','500 W','MLA46190413'),('POWER_SUPPLY_TYPE','Tipo de alimentación','Corriente eléctrica','MLA26994480'),('POWER_SUPPLY_TYPES','Tipos de alimentación','Corriente eléctrica','MLA42999647'),('PREPARATION_TIME','Tiempo de preparación','3 m','MLA44642381'),('PRESENTATION','Presentación','Maletín de transporte','MLA45805436'),('PRESSURE','Presión','20 bar','MLA34783002'),('PRESSURE_WASHER_HEIGHT','Alto de la hidrolavadora','36 cm','MLA26994480'),('PRESSURE_WASHER_LENGTH','Largo de la hidrolavadora','24 cm','MLA26994480'),('PRESSURE_WASHER_WEIGHT','Peso de la hidrolavadora','4.9 kg','MLA26994480'),('PRESSURE_WASHER_WIDTH','Ancho de la hidrolavadora','25 cm','MLA26994480'),('PROCESSOR_BRAND','Marca del procesador','Intel','MLA22826188'),('PROCESSOR_LINE','Línea del procesador','Celeron','MLA22826188'),('PROCESSOR_MODEL','Modelo del procesador','N4020','MLA22826188'),('PROCESSOR_TYPE','Tipo de procesador','AMD Ryzen','MLA46190413'),('PRODUCT_CONSERVATION','Conservación del producto','Temperatura ambiente','MLA20730516'),('PRODUCT_TYPE','Tipo de producto','Notebook','MLA22826188'),('RADIO_FREQUENCY','Radio frecuencia','2.4 GHz','MLA15173180'),('RAM','Memoria RAM','2 GB','MLA38098260'),('RAM_MEMORY_MODULE','Módulo de memoria RAM','DDR4 16GB 3200MHZ HIKSEMI HIKER U-DIMM (SC)','MLA46190413'),('RAM_MEMORY_MODULE_TOTAL_CAPACITY','Capacidad total del módulo de memoria RAM','4 GB','MLA22826188'),('RAM_MEMORY_TYPE','Tipo de memoria RAM','DDR4','MLA22826188'),('REAR_CAMERAS_NUMBER','Cantidad de cámaras traseras','1','MLA38098260'),('RECOMMENDED_DRINKS','Bebidas recomendadas','Capuchino, Expreso','MLA47880463'),('RECOMMENDED_REFRESH_RATE','Frecuencia de actualización recomendada','180 Hz','MLA43957281'),('RECOMMENDED_USES','Usos recomendados','Doméstico','MLA19686540'),('REFRIGERANT_GAS_TYPE','Tipo de gas refrigerante','R-410A','MLA45806125'),('RELEASE_YEAR','Año de lanzamiento','2017','MLA9443800'),('REQUIRES_ASSEMBLY','Requiere ensamblado','Sí','MLA16113646'),('RESOLUTION_QUALITY','Calidad de resolución','1920*1080','MLA42999647'),('RESOLUTION_TYPE','Tipo de resolución','HD','MLA42999647'),('RESPONSE_TIME_GTG','Tiempo de respuesta GTG','1 ms','MLA43957281'),('RIM_DIAMETER','Diámetro de la llanta','13 \"','MLA27930307'),('SALE_CONDITION','Condición de venta','Envasado','MLA40985598'),('SALE_FORMAT','Formato de venta','Pack','MLA20730516'),('SEAT_DEPTH','Profundidad del asiento','53 cm','MLA35379110'),('SECTION_WIDTH','Ancho de sección','175 mm','MLA27930307'),('SENSOR_RESOLUTION','Resolución del sensor','25600 dpi','MLA15173180'),('SENSOR_TECHNOLOGY','Tecnología del sensor','Hero 25K','MLA15173180'),('SENSOR_TYPE','Tipo de sensor','Óptico','MLA15173180'),('SERIES','Serie','GeForce RTX 30 Series','MLA17486628'),('SERVICE_TYPE','Tipo de servicio','P','MLA27930307'),('SERVING_VOLUME','Volumen de la porción','57.1 mL','MLA18212679'),('SERVING_WEIGHT','Peso de la porción','57.1 g','MLA18212679'),('SERVINGS_NUMBER','Cantidad de porciones','22','MLA18212679'),('SHAVING_SYSTEM','Sistema de afeitado','Lift&Cut','MLA18968036'),('SHELF_LIFE','Vida útil','2 meses','MLA20730516'),('SMART_SPEAKER_RADIO_FREQUENCIES','Radiofrecuencias','2.4 GHz, 5 GHz','MLA19795012'),('SOUND_PRESSURE_LEVEL','Nivel de presión sonora','92 dBA','MLA26994480'),('SPEED_INDEX','Índice de velocidad','T','MLA27930307'),('SPY_CAMERA_FORMAT','Formato de la cámara espía','Domo','MLA42999647'),('SSD_DATA_STORAGE_CAPACITY','Capacidad de disco SSD','128 GB','MLA22826188'),('SSD_INTERFACE','Interfaz del SSD','eMMC','MLA22826188'),('STEPS_NUMBER','Cantidad de escalones','3','MLA49207088'),('STORAGE_CAPACITY','Capacidad de almacenamiento','128 GB','MLA42999647'),('STRUCTURE_FINISH','Acabado de la estructura','Cromado','MLA16113646'),('STRUCTURE_MATERIALS','Materiales de la estructura','Acero','MLA16113646'),('SUCTION_POWER','Potencia de succión','1.3 kW','MLA41766335'),('SUPPLEMENT_CLASS','Clase de suplemento','Proteínas','MLA18212679'),('SUPPLEMENT_FORMAT','Formato del suplemento','Polvo','MLA18212679'),('SUPPLEMENT_TYPE','Tipo de suplemento','Nutricional','MLA18212679'),('SURFACE_PERFORMANCE','Rendimiento de superficie','20 m²/h','MLA26994480'),('SURVEILLANCE_CAMERA_TYPE','Tipo de cámara de vigilancia','Domo','MLA42999647'),('SYNCHRONIZATION_TECHNOLOGIES','Tecnologías de sincronización','FreeSync - G-Sync','MLA43957281'),('TECHNOLOGY','Tecnología','Automática','MLA42255647'),('TERRAIN_TYPE','Tipo de terreno','AT','MLA27930307'),('TIRE_ASPECT_RATIO','Relación de aspecto del neumático','70 %','MLA27930307'),('TIRE_CONSTRUCTION_TYPE','Tipo de construcción','Radial','MLA27930307'),('TIRES_NUMBER','Cantidad de neumáticos','4','MLA27930307'),('TOTAL_DISK_CAPACITY','Capacidad total de disco','128 GB','MLA22826188'),('TRADE_NAME','Nombre comercial','Ensure en Polvo','MLA18212679'),('TREAD_DESIGN','Diseño de la banda de rodadura','Simétrico','MLA27930307'),('UNIT_VOLUME','Volumen de la unidad','100 mL','MLA9443800'),('UNIT_WEIGHT','Peso de la unidad','40 g','MLA20730516'),('UNITS_PER_PACK','Unidades por pack','36','MLA20730516'),('UNITS_PER_PACKAGE','Unidades por envase','1','MLA20730516'),('UPHOLSTERY_MATERIAL','Material del tapizado','Malla','MLA16113646'),('USB_PORTS_NUMBER','Cantidad de puertos USB','2','MLA46536597'),('UTQG','UTQG','420AA','MLA27930307'),('VACUUM_AND_STEAM_CLEANER_TYPES','Tipos de aspiradora y limpiadora a vapor','De tac','MLA41766335'),('VEHICLE_TIRE_SEASON','Temporada','Todas las estaciones','MLA27930307'),('VEHICLE_TYPE','Tipo de vehículo','Auto/Camioneta','MLA27930307'),('VELOCITY','Velocidad','2850 rpm','MLA19686540'),('VERSION','Versión','Essence','MLA22238294'),('VERTICAL_VIEWING_ANGLE','Ángulo de visión vertical','178°','MLA43957281'),('VIDEO_COMPRESSION_FORMATS','Formatos de compresión de video','H265','MLA42999647'),('VIDEO_PORT_TYPES','Tipos de puertos de video','Mini-HDMI','MLA22826188'),('VIRTUAL_ASSISTANTS','Asistentes virtuales','Alexa','MLA19795012'),('VOLTAGE','Voltaje','220V','MLA19686540'),('VOLUME_CAPACITY','Capacidad en volumen','25 L','MLA41766335'),('WATER_CAPACITY','Capacidad de agua','420 mL','MLA47880463'),('WATER_FLOW','Caudal de agua','6.5 l/min','MLA26994480'),('WATERPROOF_RATING','Clasificación de resistancia al agua','IP66','MLA42999647'),('WEBCAM_STILL_IMAGE_RESOLUTION','Resolución de la imagen fija de la webcam','2 Mpx','MLA22826188'),('WEBCAM_VIDEO_RESOLUTION','Resolución de video de la webcam','1280 px x 720 px','MLA22826188'),('WEBCAM_VIDEO_RESOLUTION_TYPE','Tipo de resolución de video de la webcam','HD','MLA22826188'),('WEIGHT','Peso','2.5 kg','MLA19686540'),('WEIGHT_WITH_STAND','Peso con soporte','4 kg','MLA43957281'),('WEIGHT_WITHOUT_STAND','Peso sin soporte','3.5 kg','MLA43957281'),('WIDTH','Ancho','11 cm','MLA19686540'),('WIDTH_WITH_STAND','Ancho con soporte','54.08 cm','MLA43957281'),('WIDTH_WITHOUT_STAND','Ancho sin soporte','54.08 cm','MLA43957281'),('WIRELESS_STANDARDS','Estándares inalámbricos','IEEE 802.11a/b/g/n/ac','MLA19795012'),('WITH_360_SOUND','Con sonido 360 grados','Sí','MLA19795012'),('WITH_ADJUSTABLE_ARMREST','Con apoyabrazos ajustable','No','MLA16113646'),('WITH_ADJUSTABLE_HEIGHT','Con altura ajustable','Sí','MLA16113646'),('WITH_ALARM','Con alarma','Sí','MLA42999647'),('WITH_ANTI_GHOST_KEYS','Con teclas anti-ghost','Sí','MLA22448125'),('WITH_ANTIPINCH_STRAPS','Con tirantes antipellizcos','No','MLA41986629'),('WITH_ARMREST','Con apoyabrazos','Sí','MLA16113646'),('WITH_AUTO_SHUT_OFF','Con apagado automático','Sí','MLA7852993'),('WITH_AUTO_WEIGHT_DEFROST','Con descongelamiento automático por peso','Sí','MLA48935613'),('WITH_AUTOMATIC_CLEANING','Con limpieza automática','No','MLA44642381'),('WITH_AUTOMATIC_SHUT_OFF','Con corte automático','Sí','MLA32629839'),('WITH_AUTOMATIC_VOLTAGE_CONVERSION','Con conversión de voltaje automática','No','MLA18968036'),('WITH_BLACK_STABILIZATION','Con estabilización de negro','Sí','MLA43957281'),('WITH_BLUE_LIGHT_REDUCTION','Con reducción de luz azul','Sí','MLA43957281'),('WITH_BLUETOOTH','Con Bluetooth','Sí','MLA19795012'),('WITH_BUILT_IN_SPEAKERS','Con parlantes incorporados','No','MLA43957281'),('WITH_CAMERA','Con cámara','Sí','MLA38098260'),('WITH_CHARGING_BASE','Con base de carga','No','MLA41766335'),('WITH_COLOR_NIGHT_VISION','Con visión nocturna a color','No','MLA42999647'),('WITH_CONVECTION','Con convección','No','MLA48935613'),('WITH_CUP_WARMING_FUNCTION','Con función de calentamiento de tazas','No','MLA44642381'),('WITH_D_SHAPED_STEPS','Con escalones en forma de D','No','MLA49207088'),('WITH_DAISY_CHAIN_CONNECTION','Con conexión múltiple','No','MLA43957281'),('WITH_DEHUMIDIFICATION_FUNCTION','Con función deshumidificación','Sí','MLA45806125'),('WITH_DIFFERENT_JETS_TYPES','Con diferentes tipos de chorros','Sí','MLA26994480'),('WITH_DIGITAL_DISPLAY','Con pantalla digital','No','MLA44642381'),('WITH_DISPLAY','Con pantalla','No','MLA22448125'),('WITH_DOUBLE_NOZZLE','Con doble boquilla','No','MLA44642381'),('WITH_DRIP_DEVICE','Con dispositivo de antigoteo','No','MLA44642381'),('WITH_ENERGY_SAVING_SWITCH','Con interruptor de ahorro de energía','No','MLA15173180'),('WITH_ETHERNET_PORT','Con puerto ethernet','Sí','MLA46536597'),('WITH_EXPIRATION_DATE','Con fecha de vencimiento','Sí','MLA18212679'),('WITH_FACIAL_RECOGNITION','Con reconocimiento facial','Sí','MLA38098260'),('WITH_FAN_MODE','Con función ventilación','No','MLA7852993'),('WITH_FLICKER_FREE','Con tecnología sin parpadeo','Sí','MLA43957281'),('WITH_FOAM_DEPOSITE','Con depósito de espuma','Sí','MLA26994480'),('WITH_FOOT_RING','Con aro para pies','No','MLA16113646'),('WITH_FOOTREST','Con apoya pies','No','MLA16113646'),('WITH_FULL_COLLECTOR_INDICATOR','Con indicador de colector lleno','No','MLA41766335'),('WITH_GRILL','Con grill','No','MLA48935613'),('WITH_HDMI','Con HDMI','Sí','MLA46536597'),('WITH_HDR','Con HDR','Sí','MLA46536597'),('WITH_HEADPHONES_OUTPUT','Con salida para auriculares','Sí','MLA22826188'),('WITH_HEADREST','Con apoyacabezas','No','MLA16113646'),('WITH_HOSE_REEL','Con carrete de manguera','No','MLA26994480'),('WITH_HOTKEYS','Con teclas de acceso rápido','Sí','MLA22448125'),('WITH_INMETRO_CERTIFICATE','Con certificado INMETRO','No','MLA41986629'),('WITH_INTEGRATED_VOICE_COMMAND','Con comando de voz integrado','No','MLA43957281'),('WITH_INTERFACE_USB','Con interfaz USB','Sí','MLA22448125'),('WITH_INVERTER_TECHNOLOGY','Con tecnología inverter','Sí','MLA45806125'),('WITH_LIGHTS','Con luces','No','MLA16113646'),('WITH_LIVE_VIDEO','Con vídeo en vivo','Sí','MLA42999647'),('WITH_LOW_NOISE','Con operación silenciosa','Sí','MLA19686540'),('WITH_MEMORY_CARD_READER','Con lector de tarjeta de memoria','Sí','MLA22826188'),('WITH_MEMORY_CARD_SLOT','Con ranura para tarjeta de memoria','Sí','MLA38098260'),('WITH_MEMORY_FOAM','Con memory foam','Sí','MLA22938950'),('WITH_MICROPHONE','Con micrófono','Sí','MLA42999647'),('WITH_MOBILE_ALERT','Con alerta al móvil','Sí','MLA42999647'),('WITH_MONITOR','Con monitor','No','MLA46190413'),('WITH_MOTION_SENSOR','Con sensor de movimiento','Sí','MLA42999647'),('WITH_MULTI_ROOM_AUDIO_SYSTEM','Con sistema de audio multi-room','Sí','MLA19795012'),('WITH_NIGHT_VISION','Con visión nocturna','Sí','MLA42999647'),('WITH_NOISE_REDUCTION','Con reducción de ruido','Sí','MLA42999647'),('WITH_NON_SLIP_FEETS','Con pies antideslizantes','Sí','MLA49207088'),('WITH_NON_SLIP_STEPS','Con escalones antideslizantes','Sí','MLA49207088'),('WITH_NUMERIC_PAD','Con pad numérico','Sí','MLA22448125'),('WITH_OSCILLATION','Con oscilación','No','MLA7852993'),('WITH_OVERHEAT_PROTECTION','Con protección contra sobrecalentamiento','Sí','MLA7852993'),('WITH_OVERHEATING_PROTECTOR','Con protector de sobrecalentamiento','Sí','MLA26994480'),('WITH_OVERVOLTAGE_PROTECTION','Con protección por sobrecarga','No','MLA7852993'),('WITH_PARKING_BRAKE','Con freno de estacionamiento','No','MLA26994480'),('WITH_PERCUTOR_FUNCTION','Con función percutor','Sí','MLA45805436'),('WITH_PERIMETER_FRAME','Con marco perimetral','No','MLA22938950'),('WITH_PHYSICAL_QWERTY_KEYBOARD','Con teclado QWERTY físico','No','MLA38098260'),('WITH_PILLOW','Con pillow','No','MLA22938950'),('WITH_PIVOT_FUNCTION','Con función de pivote','No','MLA43957281'),('WITH_POSITIVE_IMPACT','Con impacto positivo','Sí','MLA45806125'),('WITH_RAY_TRACING','Con trazado de rayos','Sí','MLA17486628'),('WITH_RECLINING_BACKREST','Con respaldo reclinable','No','MLA16113646'),('WITH_RECYCLABLE_MATERIALS','Con materiales reciclables','Sí','MLA19795012'),('WITH_REMOTE_CONTROL','Con control remoto','No','MLA7852993'),('WITH_REMOVABLE_CABLE','Con cable removible','Sí','MLA22448125'),('WITH_RETINA_DISPLAY','Con pantalla retina','No','MLA22826188'),('WITH_RETRACTABLE_CABLE','Con cable retráctil','No','MLA15173180'),('WITH_RETROILLUMINATION','Con retroiluminación','Sí','MLA22448125'),('WITH_S_PDIF_INPUT','Con entrada S/PDIF','Sí','MLA46536597'),('WITH_SAFETY_LOCK','Con traba de seguridad','Sí','MLA49207088'),('WITH_SCREWDRIVER_FUNCTION','Con función destornillador','Sí','MLA45805436'),('WITH_SCROLL','Con rueda de desplazamiento','Sí','MLA15173180'),('WITH_SELF_SHARPENING_BLADES','Con cuchilla autoafilables','No','MLA18968036'),('WITH_SIDE_HANDLE','Con mango lateral','Sí','MLA36453870'),('WITH_SIDE_HANDLES','Con manijas laterales','No','MLA22938950'),('WITH_SLEEP_FUNCTION','Con función sueño','Sí','MLA45806125'),('WITH_SOFT_GRIP_HANDLE','Con empuñadura soft grip','Sí','MLA45805436'),('WITH_TEMPERATURE_CONTROL','Con control de temperatura','No','MLA44642381'),('WITH_TEMPERATURE_SELECTOR','Con selector de temperatura','Sí','MLA7852993'),('WITH_THERMOMETER','Con termómetro','Sí','MLA32629839'),('WITH_THERMOSTAT','Con termostato','Sí','MLA7852993'),('WITH_TIME_DEFROST','Con descongelamiento por tiempo','Sí','MLA48935613'),('WITH_TIMER','Con temporizador','No','MLA7852993'),('WITH_TOUCH_SCREEN','Con pantalla táctil','No','MLA43957281'),('WITH_TOUCHPAD','Con touchpad','No','MLA22448125'),('WITH_TOUCHSCREEN','Con pantalla táctil','No','MLA19795012'),('WITH_TOUCHSCREEN_DISPLAY','Con pantalla táctil','Sí','MLA38098260'),('WITH_TRACKBALL','Con trackball','No','MLA22448125'),('WITH_TRANSPORT_HANDLE','Con mango para transportar','Sí','MLA26994480'),('WITH_TRANSPORT_SLOT','Con ranura para transporte','No','MLA37166229'),('WITH_TURBO_FUNCTION','Con función turbo','No','MLA7852993'),('WITH_TV_TUNER','Con sintonizador de TV','No','MLA43957281'),('WITH_TWO_WAY_AUDIO','Con audio bidireccional','Sí','MLA42999647'),('WITH_USB','Con USB','Sí','MLA46536597'),('WITH_USB_CONNECTION','Con conexión USB','Sí','MLA15173180'),('WITH_USB_PORT','Con puerto USB','No','MLA42999647'),('WITH_UV_PROTECTION','Con protección UV','Sí','MLA39191572'),('WITH_VAPOUR_EMISSION','Con emisión de vapor','No','MLA44642381'),('WITH_VESA_MOUNTING','Con montaje VESA','Sí','MLA43957281'),('WITH_WASHABLE_HEADS','Con cabezales lavables','Sí','MLA18968036'),('WITH_WATER_FILTER','Con filtro de agua','Sí','MLA26994480'),('WITH_WATER_INDICATOR','Con indicador de agua','No','MLA44642381'),('WITH_WEBCAM','Con cámara web','Sí','MLA22826188'),('WITH_WHEELS','Con ruedas','Sí','MLA16113646'),('WITH_WI_FI','Con Wi-Fi','No','MLA7852993'),('WITH_WI_FI_CONNECTION','Con conexión Wi-Fi','Sí','MLA19795012'),('WITH_WIRE','Con cable','No','MLA15173180'),('WITH_WIRELESS_CAPABILITY','Con recepción inalámbrica','No','MLA22448125'),('WITH_WRIST_REST','Con reposa muñeca','No','MLA22448125');
/*!40000 ALTER TABLE `product_attribute` ENABLE KEYS */;
UNLOCK TABLES;

--
-- Table structure for table `product_pictures`
--

DROP TABLE IF EXISTS `product_pictures`;
/*!40101 SET @saved_cs_client     = @@character_set_client */;
/*!50503 SET character_set_client = utf8mb4 */;
CREATE TABLE `product_pictures` (
                                    `product_id` varchar(255) NOT NULL,
                                    `pictures` varchar(255) DEFAULT NULL,
                                    KEY `FKhhrqwwvq0v1pgtlo5jt943uh2` (`product_id`),
                                    CONSTRAINT `FKhhrqwwvq0v1pgtlo5jt943uh2` FOREIGN KEY (`product_id`) REFERENCES `product` (`id`)
) ENGINE=InnoDB DEFAULT CHARSET=utf8mb4 COLLATE=utf8mb4_0900_ai_ci;
/*!40101 SET character_set_client = @saved_cs_client */;

--
-- Dumping data for table `product_pictures`
--

LOCK TABLES `product_pictures` WRITE;
/*!40000 ALTER TABLE `product_pictures` DISABLE KEYS */;
INSERT INTO `product_pictures` VALUES ('MLA46190413','https://http2.mlstatic.com/D_NQ_NP_840126-MLA82556213013_022025-F.jpg'),('MLA46190413','https://http2.mlstatic.com/D_NQ_NP_625120-MLA82272406292_022025-F.jpg'),('MLA46190413','https://http2.mlstatic.com/D_NQ_NP_971827-MLA82556356759_022025-F.jpg'),('MLA46190413','https://http2.mlstatic.com/D_NQ_NP_977472-MLA83229725325_032025-F.jpg'),('MLA46190413','https://http2.mlstatic.com/D_NQ_NP_775500-MLA86962063664_072025-F.jpg'),('MLA22826188','https://http2.mlstatic.com/D_NQ_NP_620219-MLA54973743242_042023-F.jpg'),('MLA22826188','https://http2.mlstatic.com/D_NQ_NP_823504-MLU72660358690_112023-F.jpg'),('MLA22826188','https://http2.mlstatic.com/D_NQ_NP_649706-MLU72660358712_112023-F.jpg'),('MLA22826188','https://http2.mlstatic.com/D_NQ_NP_726213-MLU72733464783_112023-F.jpg'),('MLA22826188','https://http2.mlstatic.com/D_NQ_NP_968844-MLA54973758304_042023-F.jpg'),('MLA22826188','https://http2.mlstatic.com/D_NQ_NP_736257-MLA74676484856_022024-F.jpg'),('MLA18968036','https://http2.mlstatic.com/D_NQ_NP_617952-MLU77338401220_072024-F.jpg'),('MLA18968036','https://http2.mlstatic.com/D_NQ_NP_726024-MLU78686581568_092024-F.jpg'),('MLA18968036','https://http2.mlstatic.com/D_NQ_NP_842759-MLU78686581580_092024-F.jpg'),('MLA18968036','https://http2.mlstatic.com/D_NQ_NP_771430-MLU78921497853_092024-F.jpg'),('MLA18968036','https://http2.mlstatic.com/D_NQ_NP_830415-MLU78686572004_092024-F.jpg'),('MLA18968036','https://http2.mlstatic.com/D_NQ_NP_806431-MLU78921497871_092024-F.jpg'),('MLA18968036','https://http2.mlstatic.com/D_NQ_NP_650873-MLU78686533416_092024-F.jpg'),('MLA18968036','https://http2.mlstatic.com/D_NQ_NP_743793-MLA82139206117_012025-F.jpg'),('MLA18968036','https://http2.mlstatic.com/D_NQ_NP_844175-MLA83624947435_042025-F.jpg'),('MLA18968036','https://http2.mlstatic.com/D_NQ_NP_838037-MLA83624947441_042025-F.jpg'),('MLA36453870','https://http2.mlstatic.com/D_NQ_NP_816227-MLA85127011987_052025-F.jpg'),('MLA36453870','https://http2.mlstatic.com/D_NQ_NP_601440-MLA85133462715_052025-F.jpg'),('MLA36453870','https://http2.mlstatic.com/D_NQ_NP_948962-MLA85133423593_052025-F.jpg'),('MLA36453870','https://http2.mlstatic.com/D_NQ_NP_715950-MLA84833506582_052025-F.jpg'),('MLA36453870','https://http2.mlstatic.com/D_NQ_NP_667365-MLA84024509078_052025-F.jpg'),('MLA36453870','https://http2.mlstatic.com/D_NQ_NP_604027-MLA85127245959_052025-F.jpg'),('MLA36453870','https://http2.mlstatic.com/D_NQ_NP_859955-MLA84826943634_052025-F.jpg'),('MLA36453870','https://http2.mlstatic.com/D_NQ_NP_940038-MLA87057306905_072025-F.jpg'),('MLA36453870','https://http2.mlstatic.com/D_NQ_NP_975756-MLA86734605872_072025-F.jpg'),('MLA36453870','https://http2.mlstatic.com/D_NQ_NP_661941-MLA86734254600_072025-F.jpg'),('MLA36453870','https://http2.mlstatic.com/D_NQ_NP_833369-MLA86734605902_072025-F.jpg'),('MLA46536597','https://http2.mlstatic.com/D_NQ_NP_666292-MLA84317054694_052025-F.jpg'),('MLA46536597','https://http2.mlstatic.com/D_NQ_NP_713175-MLA84317199484_052025-F.jpg'),('MLA46536597','https://http2.mlstatic.com/D_NQ_NP_725186-MLA82789318307_022025-F.jpg'),('MLA46536597','https://http2.mlstatic.com/D_NQ_NP_669593-MLA84317344768_052025-F.jpg'),('MLA17486628','https://http2.mlstatic.com/D_NQ_NP_880481-MLU70023451781_062023-F.jpg'),('MLA17486628','https://http2.mlstatic.com/D_NQ_NP_681458-MLA79829361701_102024-F.jpg'),('MLA17486628','https://http2.mlstatic.com/D_NQ_NP_944739-MLU70023451785_062023-F.jpg'),('MLA17486628','https://http2.mlstatic.com/D_NQ_NP_681522-MLA79580909580_102024-F.jpg'),('MLA17486628','https://http2.mlstatic.com/D_NQ_NP_631734-MLU70023799607_062023-F.jpg'),('MLA34783002','https://http2.mlstatic.com/D_NQ_NP_943076-MLU77738040185_072024-F.jpg'),('MLA34783002','https://http2.mlstatic.com/D_NQ_NP_817175-MLU75650616984_042024-F.jpg'),('MLA34783002','https://http2.mlstatic.com/D_NQ_NP_749543-MLU75650636886_042024-F.jpg'),('MLA34783002','https://http2.mlstatic.com/D_NQ_NP_983713-MLU75650626950_042024-F.jpg'),('MLA34783002','https://http2.mlstatic.com/D_NQ_NP_702204-MLU75650616996_042024-F.jpg'),('MLA34783002','https://http2.mlstatic.com/D_NQ_NP_637864-MLU75650636900_042024-F.jpg'),('MLA34783002','https://http2.mlstatic.com/D_NQ_NP_930328-MLA79463084245_092024-F.jpg'),('MLA45806125','https://http2.mlstatic.com/D_NQ_NP_915453-MLA86663556813_062025-F.jpg'),('MLA45806125','https://http2.mlstatic.com/D_NQ_NP_692174-MLA82091905168_022025-F.jpg'),('MLA45806125','https://http2.mlstatic.com/D_NQ_NP_913952-MLA82241017730_022025-F.jpg'),('MLA45806125','https://http2.mlstatic.com/D_NQ_NP_637330-MLA81908012718_012025-F.jpg'),('MLA45806125','https://http2.mlstatic.com/D_NQ_NP_812622-MLA81908086480_012025-F.jpg'),('MLA45806125','https://http2.mlstatic.com/D_NQ_NP_691261-MLA82188664921_012025-F.jpg'),('MLA45806125','https://http2.mlstatic.com/D_NQ_NP_657200-MLA82188664931_012025-F.jpg'),('MLA45806125','https://http2.mlstatic.com/D_NQ_NP_811171-MLA82188609403_012025-F.jpg'),('MLA32629839','https://http2.mlstatic.com/D_NQ_NP_679901-MLA80824926761_112024-F.jpg'),('MLA32629839','https://http2.mlstatic.com/D_NQ_NP_906471-MLA80562788076_112024-F.jpg'),('MLA32629839','https://http2.mlstatic.com/D_NQ_NP_768731-MLA80562788086_112024-F.jpg'),('MLA32629839','https://http2.mlstatic.com/D_NQ_NP_898660-MLU74487673135_022024-F.jpg'),('MLA32629839','https://http2.mlstatic.com/D_NQ_NP_821212-MLU74487643821_022024-F.jpg'),('MLA43957281','https://http2.mlstatic.com/D_NQ_NP_680013-MLU78590458677_082024-F.jpg'),('MLA43957281','https://http2.mlstatic.com/D_NQ_NP_689906-MLU78590214349_082024-F.jpg'),('MLA43957281','https://http2.mlstatic.com/D_NQ_NP_762419-MLU78590214367_082024-F.jpg'),('MLA43957281','https://http2.mlstatic.com/D_NQ_NP_644621-MLU77938466806_082024-F.jpg'),('MLA45632525','https://http2.mlstatic.com/D_NQ_NP_911747-MLA82063479445_012025-F.jpg'),('MLA45632525','https://http2.mlstatic.com/D_NQ_NP_793362-MLA82063556613_012025-F.jpg'),('MLA22448125','https://http2.mlstatic.com/D_NQ_NP_841084-MLA74676490678_022024-F.jpg'),('MLA22448125','https://http2.mlstatic.com/D_NQ_NP_725918-MLA54909976392_042023-F.jpg'),('MLA22448125','https://http2.mlstatic.com/D_NQ_NP_733787-MLA54905303033_042023-F.jpg'),('MLA22448125','https://http2.mlstatic.com/D_NQ_NP_861234-MLA54905273495_042023-F.jpg'),('MLA22448125','https://http2.mlstatic.com/D_NQ_NP_733212-MLA54905352143_042023-F.jpg'),('MLA22448125','https://http2.mlstatic.com/D_NQ_NP_618843-MLA54909976396_042023-F.jpg'),('MLA22448125','https://http2.mlstatic.com/D_NQ_NP_715143-MLA54905303037_042023-F.jpg'),('MLA22448125','https://http2.mlstatic.com/D_NQ_NP_752828-MLA54905316565_042023-F.jpg'),('MLA22448125','https://http2.mlstatic.com/D_NQ_NP_688854-MLA82733880674_032025-F.jpg'),('MLA22448125','https://http2.mlstatic.com/D_NQ_NP_613558-MLA82733533474_032025-F.jpg'),('MLA22448125','https://http2.mlstatic.com/D_NQ_NP_876374-MLA82733582704_032025-F.jpg'),('MLA40919487','https://http2.mlstatic.com/D_NQ_NP_882241-MLU79103712584_092024-F.jpg'),('MLA18212679','https://http2.mlstatic.com/D_NQ_NP_835817-MLA47583810527_092021-F.jpg'),('MLA18212679','https://http2.mlstatic.com/D_NQ_NP_892055-MLU72584275944_112023-F.jpg'),('MLA18212679','https://http2.mlstatic.com/D_NQ_NP_819366-MLU72584275952_112023-F.jpg'),('MLA18212679','https://http2.mlstatic.com/D_NQ_NP_822603-MLU72654162855_112023-F.jpg'),('MLA18212679','https://http2.mlstatic.com/D_NQ_NP_771418-MLU75455935623_032024-F.jpg'),('MLA48935613','https://http2.mlstatic.com/D_NQ_NP_709442-MLA83775931312_042025-F.jpg'),('MLA48935613','https://http2.mlstatic.com/D_NQ_NP_848244-MLA83776095514_042025-F.jpg'),('MLA10841927','https://http2.mlstatic.com/D_NQ_NP_950281-MLA46872784688_072021-F.jpg'),('MLA10841927','https://http2.mlstatic.com/D_NQ_NP_846645-MLA46872784675_072021-F.jpg'),('MLA10841927','https://http2.mlstatic.com/D_NQ_NP_708646-MLA74650695642_022024-F.jpg'),('MLA45805436','https://http2.mlstatic.com/D_NQ_NP_682349-MLA81907713910_012025-F.jpg'),('MLA45805436','https://http2.mlstatic.com/D_NQ_NP_671404-MLA81909999104_012025-F.jpg'),('MLA45805436','https://http2.mlstatic.com/D_NQ_NP_608385-MLA81910026828_012025-F.jpg'),('MLA45805436','https://http2.mlstatic.com/D_NQ_NP_749386-MLA82190463171_012025-F.jpg'),('MLA45805436','https://http2.mlstatic.com/D_NQ_NP_763360-MLA81909954200_012025-F.jpg'),('MLA37166229','https://http2.mlstatic.com/D_NQ_NP_937993-MLA85346812110_062025-F.jpg'),('MLA41766335','https://http2.mlstatic.com/D_NQ_NP_839566-MLA79886784141_102024-F.jpg'),('MLA41766335','https://http2.mlstatic.com/D_NQ_NP_768627-MLA79637629680_102024-F.jpg'),('MLA41766335','https://http2.mlstatic.com/D_NQ_NP_736682-MLA79886784185_102024-F.jpg'),('MLA41766335','https://http2.mlstatic.com/D_NQ_NP_709051-MLA79886784199_102024-F.jpg'),('MLA41766335','https://http2.mlstatic.com/D_NQ_NP_650736-MLA79886926931_102024-F.jpg'),('MLA15173180','https://http2.mlstatic.com/D_NQ_NP_636971-MLA85940940915_062025-F.jpg'),('MLA15173180','https://http2.mlstatic.com/D_NQ_NP_783431-MLA84552473972_052025-F.jpg'),('MLA15173180','https://http2.mlstatic.com/D_NQ_NP_935938-MLA84552483788_052025-F.jpg'),('MLA15173180','https://http2.mlstatic.com/D_NQ_NP_649213-MLA84552473960_052025-F.jpg'),('MLA26994480','https://http2.mlstatic.com/D_NQ_NP_792068-MLA83532728500_042025-F.jpg'),('MLA26994480','https://http2.mlstatic.com/D_NQ_NP_615295-MLA84752515809_052025-F.jpg'),('MLA26994480','https://http2.mlstatic.com/D_NQ_NP_612800-MLA83825605107_042025-F.jpg'),('MLA26994480','https://http2.mlstatic.com/D_NQ_NP_806927-MLA83825566079_042025-F.jpg'),('MLA26994480','https://http2.mlstatic.com/D_NQ_NP_892046-MLA83825605121_042025-F.jpg'),('MLA26994480','https://http2.mlstatic.com/D_NQ_NP_620465-MLA83825566085_042025-F.jpg'),('MLA26994480','https://http2.mlstatic.com/D_NQ_NP_949152-MLA83532747834_042025-F.jpg'),('MLA26994480','https://http2.mlstatic.com/D_NQ_NP_771546-MLA83825605137_042025-F.jpg'),('MLA26994480','https://http2.mlstatic.com/D_NQ_NP_677067-MLA83532728542_042025-F.jpg'),('MLA35379110','https://http2.mlstatic.com/D_NQ_NP_653647-MLU75859074849_042024-F.jpg'),('MLA35379110','https://http2.mlstatic.com/D_NQ_NP_858210-MLU75460868980_042024-F.jpg'),('MLA35379110','https://http2.mlstatic.com/D_NQ_NP_944119-MLU75460868984_042024-F.jpg'),('MLA35379110','https://http2.mlstatic.com/D_NQ_NP_819710-MLU75859006163_042024-F.jpg'),('MLA35379110','https://http2.mlstatic.com/D_NQ_NP_874943-MLU75617778349_042024-F.jpg'),('MLA35379110','https://http2.mlstatic.com/D_NQ_NP_838930-MLU75859006177_042024-F.jpg'),('MLA35379110','https://http2.mlstatic.com/D_NQ_NP_997384-MLU75858936757_042024-F.jpg'),('MLA35379110','https://http2.mlstatic.com/D_NQ_NP_666657-MLU75858936763_042024-F.jpg'),('MLA22938950','https://http2.mlstatic.com/D_NQ_NP_805211-MLU73202752601_122023-F.jpg'),('MLA22938950','https://http2.mlstatic.com/D_NQ_NP_608451-MLU74821282006_032024-F.jpg'),('MLA22938950','https://http2.mlstatic.com/D_NQ_NP_856269-MLU73202693921_122023-F.jpg'),('MLA22938950','https://http2.mlstatic.com/D_NQ_NP_609904-MLU73118910524_122023-F.jpg'),('MLA22938950','https://http2.mlstatic.com/D_NQ_NP_642278-MLU73118794094_122023-F.jpg'),('MLA22938950','https://http2.mlstatic.com/D_NQ_NP_727158-MLU78582997538_082024-F.jpg'),('MLA22938950','https://http2.mlstatic.com/D_NQ_NP_626393-MLU78816474355_082024-F.jpg'),('MLA7852993','https://http2.mlstatic.com/D_NQ_NP_650959-MLA87106935864_072025-F.jpg'),('MLA19795012','https://http2.mlstatic.com/D_NQ_NP_731461-MLU76444390041_052024-F.jpg'),('MLA19795012','https://http2.mlstatic.com/D_NQ_NP_906278-MLU71705357643_092023-F.jpg'),('MLA19795012','https://http2.mlstatic.com/D_NQ_NP_808614-MLU71655028668_092023-F.jpg'),('MLA19795012','https://http2.mlstatic.com/D_NQ_NP_932082-MLU71655028672_092023-F.jpg'),('MLA21088240','https://http2.mlstatic.com/D_NQ_NP_644187-MLU72823925871_112023-F.jpg'),('MLA21088240','https://http2.mlstatic.com/D_NQ_NP_928832-MLU69967560701_062023-F.jpg'),('MLA21088240','https://http2.mlstatic.com/D_NQ_NP_882902-MLU72644136097_112023-F.jpg'),('MLA21088240','https://http2.mlstatic.com/D_NQ_NP_958466-MLU72572632148_112023-F.jpg'),('MLA23805985','https://http2.mlstatic.com/D_NQ_NP_981693-MLA84546626104_052025-F.jpg'),('MLA23805985','https://http2.mlstatic.com/D_NQ_NP_685282-MLA84546626122_052025-F.jpg'),('MLA23805985','https://http2.mlstatic.com/D_NQ_NP_977359-MLA84546626130_052025-F.jpg'),('MLA39191572','https://http2.mlstatic.com/D_NQ_NP_933071-MLA85631421174_062025-F.jpg'),('MLA39191572','https://http2.mlstatic.com/D_NQ_NP_741449-MLA85631343266_062025-F.jpg'),('MLA39191572','https://http2.mlstatic.com/D_NQ_NP_882297-MLA84542721138_052025-F.jpg'),('MLA39191572','https://http2.mlstatic.com/D_NQ_NP_903760-MLA84840971339_052025-F.jpg'),('MLA22238294','https://http2.mlstatic.com/D_NQ_NP_755593-MLA84845463727_052025-F.jpg'),('MLA22238294','https://http2.mlstatic.com/D_NQ_NP_837359-MLA84845571211_052025-F.jpg'),('MLA22238294','https://http2.mlstatic.com/D_NQ_NP_618963-MLA84845571231_052025-F.jpg'),('MLA22238294','https://http2.mlstatic.com/D_NQ_NP_911424-MLA84547273758_052025-F.jpg'),('MLA22238294','https://http2.mlstatic.com/D_NQ_NP_990340-MLA84547273768_052025-F.jpg'),('MLA27930307','https://http2.mlstatic.com/D_NQ_NP_857008-MLU74049467326_012024-F.jpg'),('MLA27930307','https://http2.mlstatic.com/D_NQ_NP_605938-MLA46523924214_062021-F.jpg'),('MLA27930307','https://http2.mlstatic.com/D_NQ_NP_672442-MLU75828707562_042024-F.jpg'),('MLA27930307','https://http2.mlstatic.com/D_NQ_NP_695322-MLU75828707564_042024-F.jpg'),('MLA38193734','https://http2.mlstatic.com/D_NQ_NP_940836-MLU77430791346_072024-F.jpg'),('MLA38193734','https://http2.mlstatic.com/D_NQ_NP_648312-MLA85290785913_052025-F.jpg'),('MLA38193734','https://http2.mlstatic.com/D_NQ_NP_979470-MLA85290785927_052025-F.jpg'),('MLA38193734','https://http2.mlstatic.com/D_NQ_NP_780800-MLA84989936776_052025-F.jpg'),('MLA38193734','https://http2.mlstatic.com/D_NQ_NP_662426-MLA85290180865_052025-F.jpg'),('MLA38193734','https://http2.mlstatic.com/D_NQ_NP_686126-MLA84989936790_052025-F.jpg'),('MLA38193734','https://http2.mlstatic.com/D_NQ_NP_888225-MLA84990096180_052025-F.jpg'),('MLA38193734','https://http2.mlstatic.com/D_NQ_NP_941824-MLA84989936802_052025-F.jpg'),('MLA37284970','https://http2.mlstatic.com/D_NQ_NP_748308-MLU76708459511_052024-F.jpg'),('MLA37284970','https://http2.mlstatic.com/D_NQ_NP_844001-MLU76708184263_052024-F.jpg'),('MLA37284970','https://http2.mlstatic.com/D_NQ_NP_704684-MLU76708459531_052024-F.jpg'),('MLA37284970','https://http2.mlstatic.com/D_NQ_NP_783717-MLU76510739490_052024-F.jpg'),('MLA37284970','https://http2.mlstatic.com/D_NQ_NP_869441-MLU76708645863_052024-F.jpg'),('MLA36991916','https://http2.mlstatic.com/D_NQ_NP_867408-MLU76315115170_052024-F.jpg'),('MLA36991916','https://http2.mlstatic.com/D_NQ_NP_793387-MLU76314504552_052024-F.jpg'),('MLA36991916','https://http2.mlstatic.com/D_NQ_NP_799266-MLA79334678540_092024-F.jpg'),('MLA36991916','https://http2.mlstatic.com/D_NQ_NP_825805-MLA79334776850_092024-F.jpg'),('MLA51860416','https://http2.mlstatic.com/D_NQ_NP_602169-MLA86627736462_062025-F.jpg'),('MLA51860416','https://http2.mlstatic.com/D_NQ_NP_983613-MLA86627726532_062025-F.jpg'),('MLA36834112','https://http2.mlstatic.com/D_NQ_NP_913051-MLA80623385789_112024-F.jpg'),('MLA49513495','https://http2.mlstatic.com/D_NQ_NP_728687-MLA84570035135_052025-F.jpg'),('MLA37162969','https://http2.mlstatic.com/D_NQ_NP_980862-MLU76438232160_052024-F.jpg'),('MLA37162969','https://http2.mlstatic.com/D_NQ_NP_725698-MLU76438251184_052024-F.jpg'),('MLA37162969','https://http2.mlstatic.com/D_NQ_NP_999541-MLU76438386190_052024-F.jpg'),('MLA37162969','https://http2.mlstatic.com/D_NQ_NP_638241-MLU76633803443_052024-F.jpg'),('MLA37162969','https://http2.mlstatic.com/D_NQ_NP_844158-MLU76438241962_052024-F.jpg'),('MLA37162969','https://http2.mlstatic.com/D_NQ_NP_986002-MLU76633803489_052024-F.jpg'),('MLA37162969','https://http2.mlstatic.com/D_NQ_NP_652432-MLU76438232252_052024-F.jpg'),('MLA37175139','https://http2.mlstatic.com/D_NQ_NP_799107-MLU76634677377_052024-F.jpg'),('MLA37175139','https://http2.mlstatic.com/D_NQ_NP_600341-MLU76634608555_052024-F.jpg'),('MLA37175139','https://http2.mlstatic.com/D_NQ_NP_823392-MLU76634608561_052024-F.jpg'),('MLA37175139','https://http2.mlstatic.com/D_NQ_NP_693799-MLU76438892380_052024-F.jpg'),('MLA44829953','https://http2.mlstatic.com/D_NQ_NP_830577-MLA81184718288_122024-F.jpg'),('MLA37506862','https://http2.mlstatic.com/D_NQ_NP_923268-MLU79246020599_092024-F.jpg'),('MLA37506862','https://http2.mlstatic.com/D_NQ_NP_704880-MLU79006190716_092024-F.jpg'),('MLA37506862','https://http2.mlstatic.com/D_NQ_NP_674334-MLU79006190722_092024-F.jpg'),('MLA39434490','https://http2.mlstatic.com/D_NQ_NP_956326-MLU78362497836_082024-F.jpg'),('MLA41986629','https://http2.mlstatic.com/D_NQ_NP_893006-MLA79739348278_102024-F.jpg'),('MLA41986629','https://http2.mlstatic.com/D_NQ_NP_728762-MLA79989855213_102024-F.jpg'),('MLA49207088','https://http2.mlstatic.com/D_NQ_NP_933410-MLA84515529449_052025-F.jpg'),('MLA49207088','https://http2.mlstatic.com/D_NQ_NP_915139-MLA84515566447_052025-F.jpg'),('MLA21032142','https://http2.mlstatic.com/D_NQ_NP_712778-MLC47220676347_082021-F.jpg'),('MLA21032142','https://http2.mlstatic.com/D_NQ_NP_785253-MLC47220665442_082021-F.jpg'),('MLA44642381','https://http2.mlstatic.com/D_NQ_NP_847165-MLA81003138506_122024-F.jpg'),('MLA44642381','https://http2.mlstatic.com/D_NQ_NP_866031-MLA81269877595_122024-F.jpg'),('MLA44642381','https://http2.mlstatic.com/D_NQ_NP_755083-MLA81003226396_122024-F.jpg'),('MLA26144261','https://http2.mlstatic.com/D_NQ_NP_926517-MLU77735988869_072024-F.jpg'),('MLA26144261','https://http2.mlstatic.com/D_NQ_NP_922808-MLU77735861303_072024-F.jpg'),('MLA26144261','https://http2.mlstatic.com/D_NQ_NP_708060-MLU77735988877_072024-F.jpg'),('MLA26144261','https://http2.mlstatic.com/D_NQ_NP_617224-MLU77735988883_072024-F.jpg'),('MLA26144261','https://http2.mlstatic.com/D_NQ_NP_974522-MLU77735969691_072024-F.jpg'),('MLA42255647','https://http2.mlstatic.com/D_NQ_NP_927650-MLA79944947374_102024-F.jpg'),('MLA42255647','https://http2.mlstatic.com/D_NQ_NP_767720-MLA80198963537_102024-F.jpg'),('MLA42255647','https://http2.mlstatic.com/D_NQ_NP_865877-MLA79944907806_102024-F.jpg'),('MLA42255647','https://http2.mlstatic.com/D_NQ_NP_610317-MLA79944770908_102024-F.jpg'),('MLA42255647','https://http2.mlstatic.com/D_NQ_NP_681827-MLA79944947420_102024-F.jpg'),('MLA42255647','https://http2.mlstatic.com/D_NQ_NP_659993-MLA79944770920_102024-F.jpg'),('MLA42255647','https://http2.mlstatic.com/D_NQ_NP_816471-MLA79944907830_102024-F.jpg'),('MLA42255647','https://http2.mlstatic.com/D_NQ_NP_781561-MLA79944907836_102024-F.jpg'),('MLA42255647','https://http2.mlstatic.com/D_NQ_NP_936346-MLA79944957394_102024-F.jpg'),('MLA42255647','https://http2.mlstatic.com/D_NQ_NP_803585-MLA79944672692_102024-F.jpg'),('MLA37976100','https://http2.mlstatic.com/D_NQ_NP_763921-MLU77202090416_072024-F.jpg'),('MLA37976100','https://http2.mlstatic.com/D_NQ_NP_883555-MLU77202062006_072024-F.jpg'),('MLA28454175','https://http2.mlstatic.com/D_NQ_NP_777051-MLU73086960473_112023-F.jpg'),('MLA28454175','https://http2.mlstatic.com/D_NQ_NP_937269-MLU73087067197_112023-F.jpg'),('MLA28454175','https://http2.mlstatic.com/D_NQ_NP_648147-MLU73087135057_112023-F.jpg'),('MLA28454175','https://http2.mlstatic.com/D_NQ_NP_752811-MLU73086960495_112023-F.jpg'),('MLA50878143','https://http2.mlstatic.com/D_NQ_NP_903057-MLA85302856004_062025-F.jpg'),('MLA50878143','https://http2.mlstatic.com/D_NQ_NP_901188-MLA85607980415_062025-F.jpg'),('MLA50878143','https://http2.mlstatic.com/D_NQ_NP_804177-MLA85302846224_062025-F.jpg'),('MLA29611859','https://http2.mlstatic.com/D_NQ_NP_759374-MLU73907558443_012024-F.jpg'),('MLA29611859','https://http2.mlstatic.com/D_NQ_NP_727667-MLU73907558451_012024-F.jpg'),('MLA29611859','https://http2.mlstatic.com/D_NQ_NP_877024-MLU73907422895_012024-F.jpg'),('MLA29611859','https://http2.mlstatic.com/D_NQ_NP_858841-MLU73808018072_012024-F.jpg'),('MLA38174177','https://http2.mlstatic.com/D_NQ_NP_776587-MLU78043900325_072024-F.jpg'),('MLA28029690','https://http2.mlstatic.com/D_NQ_NP_894311-MLU72751617263_112023-F.jpg'),('MLA28029690','https://http2.mlstatic.com/D_NQ_NP_943536-MLU72751578375_112023-F.jpg'),('MLA32160030','https://http2.mlstatic.com/D_NQ_NP_690293-MLU74606591617_022024-F.jpg'),('MLA47880463','https://http2.mlstatic.com/D_NQ_NP_726871-MLA83705306281_042025-F.jpg'),('MLA47880463','https://http2.mlstatic.com/D_NQ_NP_759554-MLA83705306285_042025-F.jpg'),('MLA47880463','https://http2.mlstatic.com/D_NQ_NP_768188-MLA83705211229_042025-F.jpg'),('MLA47880463','https://http2.mlstatic.com/D_NQ_NP_921245-MLA83705211233_042025-F.jpg'),('MLA47880463','https://http2.mlstatic.com/D_NQ_NP_826754-MLA83705306309_042025-F.jpg'),('MLA47880463','https://http2.mlstatic.com/D_NQ_NP_853489-MLA83413048778_042025-F.jpg'),('MLA47880463','https://http2.mlstatic.com/D_NQ_NP_653932-MLA83705211267_042025-F.jpg'),('MLA47880463','https://http2.mlstatic.com/D_NQ_NP_702732-MLA83705191961_042025-F.jpg'),('MLA47880463','https://http2.mlstatic.com/D_NQ_NP_771354-MLA83705191967_042025-F.jpg'),('MLA47880463','https://http2.mlstatic.com/D_NQ_NP_903815-MLA83705306351_042025-F.jpg'),('MLA42999647','https://http2.mlstatic.com/D_NQ_NP_640155-MLA84615062819_052025-F.jpg'),('MLA42999647','https://http2.mlstatic.com/D_NQ_NP_607410-MLA84920366267_052025-F.jpg'),('MLA42999647','https://http2.mlstatic.com/D_NQ_NP_771560-MLA84621795714_052025-F.jpg'),('MLA42999647','https://http2.mlstatic.com/D_NQ_NP_842633-MLA84621894774_052025-F.jpg'),('MLA42999647','https://http2.mlstatic.com/D_NQ_NP_653443-MLA86853471383_062025-F.jpg'),('MLA20730489','https://http2.mlstatic.com/D_NQ_NP_611592-MLA79560488608_102024-F.jpg'),('MLA20730489','https://http2.mlstatic.com/D_NQ_NP_963344-MLA79560479170_102024-F.jpg'),('MLA20730489','https://http2.mlstatic.com/D_NQ_NP_790768-MLU74244296237_012024-F.jpg'),('MLA20730489','https://http2.mlstatic.com/D_NQ_NP_925205-MLA74227325689_012024-F.jpg'),('MLA20730489','https://http2.mlstatic.com/D_NQ_NP_769654-MLA79560469222_102024-F.jpg'),('MLA20730489','https://http2.mlstatic.com/D_NQ_NP_934032-MLU74118452808_012024-F.jpg'),('MLA20730489','https://http2.mlstatic.com/D_NQ_NP_789797-MLA79560507894_102024-F.jpg'),('MLA20730489','https://http2.mlstatic.com/D_NQ_NP_754567-MLA79560469232_102024-F.jpg'),('MLA20730489','https://http2.mlstatic.com/D_NQ_NP_964161-MLA79560479188_102024-F.jpg'),('MLA20730489','https://http2.mlstatic.com/D_NQ_NP_744215-MLA79560469244_102024-F.jpg'),('MLA19686540','https://http2.mlstatic.com/D_NQ_NP_879104-MLU72824207967_112023-F.jpg'),('MLA19686540','https://http2.mlstatic.com/D_NQ_NP_988780-MLU72642616755_112023-F.jpg'),('MLA19686540','https://http2.mlstatic.com/D_NQ_NP_604318-MLU72749474942_112023-F.jpg'),('MLA19686540','https://http2.mlstatic.com/D_NQ_NP_824610-MLU72642577317_112023-F.jpg'),('MLA19686540','https://http2.mlstatic.com/D_NQ_NP_809968-MLU72642616775_112023-F.jpg'),('MLA19686540','https://http2.mlstatic.com/D_NQ_NP_617863-MLU72642616793_112023-F.jpg'),('MLA19686540','https://http2.mlstatic.com/D_NQ_NP_769263-MLU72749474876_112023-F.jpg'),('MLA19686540','https://http2.mlstatic.com/D_NQ_NP_752890-MLU72642518135_112023-F.jpg'),('MLA19686540','https://http2.mlstatic.com/D_NQ_NP_908046-MLU72571031790_112023-F.jpg'),('MLA19686540','https://http2.mlstatic.com/D_NQ_NP_832118-MLU73784764998_012024-F.jpg'),('MLA19686540','https://http2.mlstatic.com/D_NQ_NP_765117-MLU72642577299_112023-F.jpg'),('MLA40985598','https://http2.mlstatic.com/D_NQ_NP_634308-MLA79746205074_102024-F.jpg'),('MLA40985598','https://http2.mlstatic.com/D_NQ_NP_697549-MLA79704286239_102024-F.jpg'),('MLA40985598','https://http2.mlstatic.com/D_NQ_NP_873869-MLA79457933020_102024-F.jpg'),('MLA40985598','https://http2.mlstatic.com/D_NQ_NP_662283-MLU79141066800_092024-F.jpg'),('MLA38098260','https://http2.mlstatic.com/D_NQ_NP_704384-MLA81192216919_122024-F.jpg'),('MLA38098260','https://http2.mlstatic.com/D_NQ_NP_646558-MLU77379479464_072024-F.jpg'),('MLA38098260','https://http2.mlstatic.com/D_NQ_NP_617497-MLU77379576760_072024-F.jpg'),('MLA38098260','https://http2.mlstatic.com/D_NQ_NP_916806-MLU77379626072_072024-F.jpg'),('MLA38098260','https://http2.mlstatic.com/D_NQ_NP_626035-MLU77379479474_072024-F.jpg'),('MLA38098260','https://http2.mlstatic.com/D_NQ_NP_777617-MLU77379626062_072024-F.jpg'),('MLA9443800','https://http2.mlstatic.com/D_NQ_NP_855357-MLA74651092474_022024-F.jpg'),('MLA9443800','https://http2.mlstatic.com/D_NQ_NP_694107-MLA48087330893_112021-F.jpg'),('MLA9443800','https://http2.mlstatic.com/D_NQ_NP_803096-MLA51323801293_082022-F.jpg'),('MLA9443800','https://http2.mlstatic.com/D_NQ_NP_751904-MLU72831159305_112023-F.jpg'),('MLA9443800','https://http2.mlstatic.com/D_NQ_NP_611897-MLU72644943297_112023-F.jpg'),('MLA9443800','https://http2.mlstatic.com/D_NQ_NP_665627-MLU72644943303_112023-F.jpg'),('MLA9443800','https://http2.mlstatic.com/D_NQ_NP_629446-MLU72573502090_112023-F.jpg'),('MLA9443800','https://http2.mlstatic.com/D_NQ_NP_954606-MLU74244306397_012024-F.jpg'),('MLA16113646','https://http2.mlstatic.com/D_NQ_NP_683256-MLA79221876212_092024-F.jpg'),('MLA16113646','https://http2.mlstatic.com/D_NQ_NP_821472-MLA79461936256_102024-F.jpg'),('MLA16113646','https://http2.mlstatic.com/D_NQ_NP_631066-MLA79707833551_102024-F.jpg'),('MLA16113646','https://http2.mlstatic.com/D_NQ_NP_985189-MLA79464416983_092024-F.jpg'),('MLA16113646','https://http2.mlstatic.com/D_NQ_NP_914936-MLA79221827126_092024-F.jpg'),('MLA16113646','https://http2.mlstatic.com/D_NQ_NP_919991-MLA79464191783_092024-F.jpg'),('MLA16113646','https://http2.mlstatic.com/D_NQ_NP_786606-MLA43801478757_102020-F.jpg'),('MLA16113646','https://http2.mlstatic.com/D_NQ_NP_781960-MLA43801683264_102020-F.jpg'),('MLA16113646','https://http2.mlstatic.com/D_NQ_NP_647381-MLU75358763049_032024-F.jpg'),('MLA20730516','https://http2.mlstatic.com/D_NQ_NP_731482-MLU78896684159_092024-F.jpg'),('MLA20730516','https://http2.mlstatic.com/D_NQ_NP_824698-MLU75683097160_042024-F.jpg'),('MLA20730516','https://http2.mlstatic.com/D_NQ_NP_626828-MLU78896703863_092024-F.jpg');
/*!40000 ALTER TABLE `product_pictures` ENABLE KEYS */;
UNLOCK TABLES;

--
-- Table structure for table `purchase`
--

DROP TABLE IF EXISTS `purchase`;
/*!40101 SET @saved_cs_client     = @@character_set_client */;
/*!50503 SET character_set_client = utf8mb4 */;
CREATE TABLE `purchase` (
                            `id` bigint NOT NULL AUTO_INCREMENT,
                            `date` datetime(6) DEFAULT NULL,
                            `total` double DEFAULT NULL,
                            `user_id` bigint DEFAULT NULL,
                            PRIMARY KEY (`id`),
                            KEY `FKk4cohgpbnk2s72360to676epf` (`user_id`),
                            CONSTRAINT `FKk4cohgpbnk2s72360to676epf` FOREIGN KEY (`user_id`) REFERENCES `app_users` (`id`)
) ENGINE=InnoDB AUTO_INCREMENT=34 DEFAULT CHARSET=utf8mb4 COLLATE=utf8mb4_0900_ai_ci;
/*!40101 SET character_set_client = @saved_cs_client */;

--
-- Dumping data for table `purchase`
--

LOCK TABLES `purchase` WRITE;
/*!40000 ALTER TABLE `purchase` DISABLE KEYS */;
INSERT INTO `purchase` VALUES (1,'2025-07-07 14:17:19.851409',2587451.1914999997,2),(2,'2025-07-07 14:17:21.549869',700021.0836,3),(3,'2025-07-07 14:17:23.009147',105231.3626,4),(4,'2025-07-07 14:17:24.098381',5181329.7114,5),(5,'2025-07-07 14:17:24.619510',581837.711,6),(6,'2025-07-07 14:17:25.443570',2967212.6694,7),(7,'2025-07-07 14:17:26.627726',3901295.9217,8),(8,'2025-07-07 14:17:27.169099',2967212.6694,9),(9,'2025-07-07 14:17:28.249040',2455280.2502,10),(10,'2025-07-07 14:17:29.171191',4020360.1466000006,11),(11,'2025-07-07 14:17:30.333455',1277158.1208000001,12),(12,'2025-07-07 14:17:31.355831',4385933.928200001,13),(13,'2025-07-07 14:17:31.808945',1978141.7796,14),(14,'2025-07-07 14:17:33.244927',1288778.9558,15),(15,'2025-07-07 14:17:34.730651',505782.66000000003,17),(16,'2025-07-07 14:17:35.385507',2394013.0992,19),(17,'2025-07-07 14:17:35.706079',301087.28,19),(18,'2025-07-07 14:17:36.121180',1523537.565,19),(19,'2025-07-07 14:34:12.742479',20871462.822499998,11),(20,'2025-07-07 14:36:29.190117',1950093.4992000002,6),(21,'2025-07-07 14:37:37.824364',238817.37949999998,5),(22,'2025-07-07 14:37:59.007516',112548.0546,5),(23,'2025-07-07 14:39:56.506227',8285079.672999999,5),(24,'2025-07-07 14:43:59.329470',8285079.672999999,3),(25,'2025-07-07 14:44:15.056994',581531.117,3),(26,'2025-07-07 14:46:07.535684',866658.248,17),(27,'2025-07-07 14:46:23.842935',238817.37949999998,17),(28,'2025-07-07 14:46:58.905478',1906088.7352,17),(29,'2025-07-07 14:48:15.878428',25097359.848,16),(30,'2025-07-07 14:48:55.837188',12249623.744,16),(31,'2025-07-07 14:53:49.499134',918721.7808000001,14),(32,'2025-07-07 14:54:51.850290',306240.5936,15),(33,'2025-07-07 14:55:39.367611',306240.5936,10);
/*!40000 ALTER TABLE `purchase` ENABLE KEYS */;
UNLOCK TABLES;

--
-- Table structure for table `purchase_item`
--

DROP TABLE IF EXISTS `purchase_item`;
/*!40101 SET @saved_cs_client     = @@character_set_client */;
/*!50503 SET character_set_client = utf8mb4 */;
CREATE TABLE `purchase_item` (
                                 `id` bigint NOT NULL AUTO_INCREMENT,
                                 `amount` int DEFAULT NULL,
                                 `sub_total` double DEFAULT NULL,
                                 `product_id` varchar(255) DEFAULT NULL,
                                 `purchase_id` bigint DEFAULT NULL,
                                 PRIMARY KEY (`id`),
                                 KEY `FKq69apam78dbi0cggl37ge6auf` (`product_id`),
                                 KEY `FK1mncc5yaore1sibgpj3jc4a7u` (`purchase_id`),
                                 CONSTRAINT `FK1mncc5yaore1sibgpj3jc4a7u` FOREIGN KEY (`purchase_id`) REFERENCES `purchase` (`id`),
                                 CONSTRAINT `FKq69apam78dbi0cggl37ge6auf` FOREIGN KEY (`product_id`) REFERENCES `product` (`id`)
) ENGINE=InnoDB AUTO_INCREMENT=54 DEFAULT CHARSET=utf8mb4 COLLATE=utf8mb4_0900_ai_ci;
/*!40101 SET character_set_client = @saved_cs_client */;

--
-- Dumping data for table `purchase_item`
--

LOCK TABLES `purchase_item` WRITE;
/*!40000 ALTER TABLE `purchase_item` DISABLE KEYS */;
INSERT INTO `purchase_item` VALUES (1,2,125485.92000000001,'MLA46190413',1),(2,2,477634.75899999996,'MLA22826188',1),(3,3,1745513.133,'MLA18968036',1),(4,1,238817.37949999998,'MLA22826188',1),(5,2,416816.9436,'MLA46536597',2),(6,1,283204.14,'MLA17486628',2),(7,1,105231.3626,'MLA32629839',3),(8,1,738039.014,'MLA45806125',4),(9,3,2967212.6694,'MLA45632525',4),(10,2,1476078.028,'MLA45806125',4),(11,1,581837.711,'MLA18968036',5),(12,3,2967212.6694,'MLA45632525',6),(13,3,2910491.3952,'MLA40919487',7),(14,1,398458.86600000004,'MLA18212679',7),(15,1,592345.6605,'MLA48935613',7),(16,3,2967212.6694,'MLA45632525',8),(17,2,796917.7320000001,'MLA18212679',9),(18,1,970163.7984,'MLA40919487',9),(19,1,688198.7198000001,'MLA45805436',9),(20,3,2434434.3096000003,'MLA37166229',10),(21,1,422250.41500000004,'MLA41766335',10),(22,2,1163675.422,'MLA18968036',10),(23,1,283204.14,'MLA17486628',11),(24,1,993953.9808,'MLA26994480',11),(25,1,105231.3626,'MLA32629839',12),(26,3,2591765.5842000004,'MLA36453870',12),(27,2,1158557.562,'MLA35379110',12),(28,1,530379.4194,'MLA22938950',12),(29,2,1978141.7796,'MLA45632525',13),(30,1,565147.4835999999,'MLA19795012',14),(31,2,723631.4722000001,'MLA21088240',14),(32,1,505782.66000000003,'MLA22238294',15),(33,1,962630.852,'MLA23805985',16),(34,1,301087.28,'MLA39191572',16),(35,2,1130294.9671999998,'MLA19795012',16),(36,1,301087.28,'MLA39191572',17),(37,2,1011565.3200000001,'MLA22238294',18),(38,1,511972.245,'MLA7852993',18),(39,25,20871462.822499998,'MLA42999647',19),(40,4,1950093.4992000002,'MLA38193734',20),(41,1,238817.37949999998,'MLA22826188',21),(42,2,112548.0546,'MLA19686540',22),(43,10,8285079.672999999,'MLA40985598',23),(44,10,8285079.672999999,'MLA40985598',24),(45,1,581531.117,'MLA38098260',25),(46,1,866658.248,'MLA43957281',26),(47,1,238817.37949999998,'MLA22826188',27),(48,2,1906088.7352,'MLA9443800',28),(49,30,25097359.848,'MLA16113646',29),(50,40,12249623.744,'MLA20730516',30),(51,3,918721.7808000001,'MLA20730516',31),(52,1,306240.5936,'MLA20730516',32),(53,1,306240.5936,'MLA20730516',33);
/*!40000 ALTER TABLE `purchase_item` ENABLE KEYS */;
UNLOCK TABLES;

--
-- Table structure for table `review`
--

DROP TABLE IF EXISTS `review`;
/*!40101 SET @saved_cs_client     = @@character_set_client */;
/*!50503 SET character_set_client = utf8mb4 */;
CREATE TABLE `review` (
                          `id` bigint NOT NULL AUTO_INCREMENT,
                          `comment` varchar(255) DEFAULT NULL,
                          `created_at` datetime(6) DEFAULT NULL,
                          `rating` int DEFAULT NULL,
                          `product_id` varchar(255) DEFAULT NULL,
                          `user_id` bigint NOT NULL,
                          PRIMARY KEY (`id`),
                          KEY `FKiyof1sindb9qiqr9o8npj8klt` (`product_id`),
                          KEY `FKtgl4ofjb2rqpwp8flqpfoqn0i` (`user_id`),
                          CONSTRAINT `FKiyof1sindb9qiqr9o8npj8klt` FOREIGN KEY (`product_id`) REFERENCES `product` (`id`),
                          CONSTRAINT `FKtgl4ofjb2rqpwp8flqpfoqn0i` FOREIGN KEY (`user_id`) REFERENCES `app_users` (`id`),
                          CONSTRAINT `review_chk_1` CHECK (((`rating` <= 5) and (`rating` >= 1)))
) ENGINE=InnoDB AUTO_INCREMENT=16 DEFAULT CHARSET=utf8mb4 COLLATE=utf8mb4_0900_ai_ci;
/*!40101 SET character_set_client = @saved_cs_client */;

--
-- Dumping data for table `review`
--

LOCK TABLES `review` WRITE;
/*!40000 ALTER TABLE `review` DISABLE KEYS */;
INSERT INTO `review` VALUES (1,'Producto regular. Tiene cosas buenas y malas.','2025-07-07 14:17:21.038864',3,'MLA46190413',2),(2,'No recomiendo este producto. Muy mala experiencia.','2025-07-07 14:17:23.595550',1,'MLA32629839',4),(3,'Excelente producto. Superó mis expectativas.','2025-07-07 14:17:24.353469',5,'MLA45806125',5),(4,'Muy buen producto. Satisfecho con la compra.','2025-07-07 14:17:25.181967',4,'MLA18968036',6),(5,'Producto regular. Tiene cosas buenas y malas.','2025-07-07 14:17:25.567980',3,'MLA45632525',7),(6,'Producto regular. Tiene cosas buenas y malas.','2025-07-07 14:17:26.900986',3,'MLA40919487',8),(7,'Producto regular. Tiene cosas buenas y malas.','2025-07-07 14:17:27.661998',3,'MLA45632525',9),(8,'No recomiendo este producto. Muy mala experiencia.','2025-07-07 14:17:28.377582',1,'MLA18212679',10),(9,'Producto regular. Tiene cosas buenas y malas.','2025-07-07 14:17:29.800888',3,'MLA37166229',11),(10,'Muy buen producto. Satisfecho con la compra.','2025-07-07 14:17:31.533363',4,'MLA32629839',13),(11,'Esperaba más, no cumple con lo prometido.','2025-07-07 14:17:32.383982',2,'MLA45632525',14),(12,'Excelente producto. Superó mis expectativas.','2025-07-07 14:17:34.832176',5,'MLA22238294',17),(13,'Muy buen producto. Satisfecho con la compra.','2025-07-07 14:17:35.608550',4,'MLA23805985',19),(14,'¡Fantástico! Justo lo que necesitaba.','2025-07-07 14:17:35.816604',5,'MLA39191572',19),(15,'Bastante bueno, cumple con su función.','2025-07-07 14:17:36.228875',4,'MLA22238294',19);
/*!40000 ALTER TABLE `review` ENABLE KEYS */;
UNLOCK TABLES;

--
-- Table structure for table `user_favorite_products`
--

DROP TABLE IF EXISTS `user_favorite_products`;
/*!40101 SET @saved_cs_client     = @@character_set_client */;
/*!50503 SET character_set_client = utf8mb4 */;
CREATE TABLE `user_favorite_products` (
                                          `user_id` bigint NOT NULL,
                                          `product_id` varchar(255) NOT NULL,
                                          KEY `FKl6at82xbnnq1w6syj7wn6ydxh` (`product_id`),
                                          KEY `FKs46uan2v3batb2oyglarxcogm` (`user_id`),
                                          CONSTRAINT `FKl6at82xbnnq1w6syj7wn6ydxh` FOREIGN KEY (`product_id`) REFERENCES `product` (`id`),
                                          CONSTRAINT `FKs46uan2v3batb2oyglarxcogm` FOREIGN KEY (`user_id`) REFERENCES `app_users` (`id`)
) ENGINE=InnoDB DEFAULT CHARSET=utf8mb4 COLLATE=utf8mb4_0900_ai_ci;
/*!40101 SET character_set_client = @saved_cs_client */;

--
-- Dumping data for table `user_favorite_products`
--

LOCK TABLES `user_favorite_products` WRITE;
/*!40000 ALTER TABLE `user_favorite_products` DISABLE KEYS */;
INSERT INTO `user_favorite_products` VALUES (4,'MLA43957281'),(9,'MLA10841927'),(12,'MLA22826188'),(18,'MLA21088240'),(19,'MLA23805985'),(19,'MLA18968036'),(11,'MLA17486628'),(11,'MLA20730489'),(6,'MLA20730489'),(6,'MLA38193734'),(5,'MLA22826188'),(5,'MLA40985598'),(3,'MLA34783002'),(3,'MLA40985598'),(2,'MLA36453870'),(2,'MLA43957281'),(17,'MLA43957281'),(17,'MLA22826188'),(17,'MLA9443800'),(16,'MLA16113646'),(16,'MLA20730516'),(14,'MLA32629839'),(14,'MLA20730516'),(15,'MLA23805985'),(15,'MLA20730516'),(10,'MLA20730516');
/*!40000 ALTER TABLE `user_favorite_products` ENABLE KEYS */;
UNLOCK TABLES;
/*!40103 SET TIME_ZONE=@OLD_TIME_ZONE */;

/*!40101 SET SQL_MODE=@OLD_SQL_MODE */;
/*!40014 SET FOREIGN_KEY_CHECKS=@OLD_FOREIGN_KEY_CHECKS */;
/*!40014 SET UNIQUE_CHECKS=@OLD_UNIQUE_CHECKS */;
/*!40101 SET CHARACTER_SET_CLIENT=@OLD_CHARACTER_SET_CLIENT */;
/*!40101 SET CHARACTER_SET_RESULTS=@OLD_CHARACTER_SET_RESULTS */;
/*!40101 SET COLLATION_CONNECTION=@OLD_COLLATION_CONNECTION */;
/*!40111 SET SQL_NOTES=@OLD_SQL_NOTES */;

-- Dump completed on 2025-07-07 18:31:21